BYER,TID,value
00001100 000-01100 Hovedstadsområdet,2025-12-31T23:00:00Z,1408575
10100101 101-00101 Københavns Kommune,2025-12-31T23:00:00Z,671714
10101100 101-01100 København (del af Hovedstadsområdet),2025-12-31T23:00:00Z,671714
10199999 101-99999 Landdistrikter,2025-12-31T23:00:00Z,0
14700147 147-00147 Frederiksberg Kommune,2025-12-31T23:00:00Z,106150
14701100 147-01100 Frederiksberg (del af Hovedstadsområdet),2025-12-31T23:00:00Z,106150
14799999 147-99999 Landdistrikter,2025-12-31T23:00:00Z,0
15100151 151-00151 Ballerup Kommune,2025-12-31T23:00:00Z,53950
15101100 151-01100 Ballerup (del af Hovedstadsområdet),2025-12-31T23:00:00Z,45001
15110223 151-10223 Smørumnedre (del af flere kommuner),2025-12-31T23:00:00Z,8663
15199997 151-99997 Uden fast bopæl,2025-12-31T23:00:00Z,64
15199999 151-99999 Landdistrikter,2025-12-31T23:00:00Z,222
15300153 153-00153 Brøndby Kommune,2025-12-31T23:00:00Z,40990
15301100 153-01100 Brøndby (del af Hovedstadsområdet),2025-12-31T23:00:00Z,40788
15399997 153-99997 Uden fast bopæl,2025-12-31T23:00:00Z,156
15399999 153-99999 Landdistrikter,2025-12-31T23:00:00Z,46
15500155 155-00155 Dragør Kommune,2025-12-31T23:00:00Z,14474
15510277 155-10277 Søvang,2025-12-31T23:00:00Z,1816
15510278 155-10278 Dragør,2025-12-31T23:00:00Z,12293
15599997 155-99997 Uden fast bopæl,2025-12-31T23:00:00Z,18
15599999 155-99999 Landdistrikter,2025-12-31T23:00:00Z,347
15700157 157-00157 Gentofte Kommune,2025-12-31T23:00:00Z,75106
15701100 157-01100 Gentofte (del af Hovedstadsområdet),2025-12-31T23:00:00Z,75106
15799999 157-99999 Landdistrikter,2025-12-31T23:00:00Z,0
15900159 159-00159 Gladsaxe Kommune,2025-12-31T23:00:00Z,71185
15901100 159-01100 Gladsaxe (del af Hovedstadsområdet),2025-12-31T23:00:00Z,71057
15999997 159-99997 Uden fast bopæl,2025-12-31T23:00:00Z,119
15999999 159-99999 Landdistrikter,2025-12-31T23:00:00Z,9
16100161 161-00161 Glostrup Kommune,2025-12-31T23:00:00Z,25834
16101100 161-01100 Glostrup (del af Hovedstadsområdet),2025-12-31T23:00:00Z,25727
16199997 161-99997 Uden fast bopæl,2025-12-31T23:00:00Z,92
16199999 161-99999 Landdistrikter,2025-12-31T23:00:00Z,15
16300163 163-00163 Herlev Kommune,2025-12-31T23:00:00Z,32030
16301100 163-01100 Herlev (del af Hovedstadsområdet),2025-12-31T23:00:00Z,31963
16399997 163-99997 Uden fast bopæl,2025-12-31T23:00:00Z,42
16399999 163-99999 Landdistrikter,2025-12-31T23:00:00Z,25
16500165 165-00165 Albertslund Kommune,2025-12-31T23:00:00Z,29262
16501100 165-01100 Albertslund (del af Hovedstadsområdet),2025-12-31T23:00:00Z,29128
16599997 165-99997 Uden fast bopæl,2025-12-31T23:00:00Z,12
16599999 165-99999 Landdistrikter,2025-12-31T23:00:00Z,122
16700167 167-00167 Hvidovre Kommune,2025-12-31T23:00:00Z,54228
16701100 167-01100 Hvidovre (del af Hovedstadsområdet),2025-12-31T23:00:00Z,54181
16799997 167-99997 Uden fast bopæl,2025-12-31T23:00:00Z,47
16799999 167-99999 Landdistrikter,2025-12-31T23:00:00Z,0
16900169 169-00169 Høje-Taastrup Kommune,2025-12-31T23:00:00Z,60458
16910201 169-10201 Hedehusene,2025-12-31T23:00:00Z,17953
16910202 169-10202 Reerslev,2025-12-31T23:00:00Z,721
16910203 169-10203 Taastrup,2025-12-31T23:00:00Z,38328
16918394 169-18394 Sengeløse,2025-12-31T23:00:00Z,1488
16918395 169-18395 Vridsløsemagle,2025-12-31T23:00:00Z,287
16999997 169-99997 Uden fast bopæl,2025-12-31T23:00:00Z,60
16999999 169-99999 Landdistrikter,2025-12-31T23:00:00Z,1621
17300173 173-00173 Lyngby-Taarbæk Kommune,2025-12-31T23:00:00Z,58614
17301100 173-01100 Lyngby-Taarbæk (del af Hovedstadsområdet),2025-12-31T23:00:00Z,58304
17310287 173-10287 Skodsborg,2025-12-31T23:00:00Z,0
17399997 173-99997 Uden fast bopæl,2025-12-31T23:00:00Z,129
17399999 173-99999 Landdistrikter,2025-12-31T23:00:00Z,181
17500175 175-00175 Rødovre Kommune,2025-12-31T23:00:00Z,45138
17501100 175-01100 Rødovre (del af Hovedstadsområdet),2025-12-31T23:00:00Z,45020
17599997 175-99997 Uden fast bopæl,2025-12-31T23:00:00Z,118
17599999 175-99999 Landdistrikter,2025-12-31T23:00:00Z,0
18300183 183-00183 Ishøj Kommune,2025-12-31T23:00:00Z,24685
18301100 183-01100 Ishøj (del af Hovedstadsområdet),2025-12-31T23:00:00Z,22371
18315889 183-15889 Torslunde,2025-12-31T23:00:00Z,293
18318390 183-18390 Ishøj Landsby,2025-12-31T23:00:00Z,1403
18318597 183-18597 Vestervang,2025-12-31T23:00:00Z,0
18399997 183-99997 Uden fast bopæl,2025-12-31T23:00:00Z,96
18399999 183-99999 Landdistrikter,2025-12-31T23:00:00Z,522
18500185 185-00185 Tårnby Kommune,2025-12-31T23:00:00Z,44214
18501100 185-01100 Tårnby (del af Hovedstadsområdet),2025-12-31T23:00:00Z,43767
18599997 185-99997 Uden fast bopæl,2025-12-31T23:00:00Z,134
18599999 185-99999 Landdistrikter,2025-12-31T23:00:00Z,313
18700187 187-00187 Vallensbæk Kommune,2025-12-31T23:00:00Z,18689
18701100 187-01100 Vallensbæk (del af Hovedstadsområdet),2025-12-31T23:00:00Z,18037
18718391 187-18391 Vallensbæk Landsby,2025-12-31T23:00:00Z,473
18799997 187-99997 Uden fast bopæl,2025-12-31T23:00:00Z,79
18799999 187-99999 Landdistrikter,2025-12-31T23:00:00Z,100
19000190 190-00190 Furesø Kommune,2025-12-31T23:00:00Z,42874
19001100 190-01100 Furesø (del af Hovedstadsområdet),2025-12-31T23:00:00Z,3888
19010221 190-10221 Kirke Værløse,2025-12-31T23:00:00Z,985
19010223 190-10223 Smørumnedre (del af flere kommuner),2025-12-31T23:00:00Z,2420
19010237 190-10237 Farum,2025-12-31T23:00:00Z,20558
19010241 190-10241 Birkerød (del af flere kommuner),2025-12-31T23:00:00Z,4
19011048 190-11048 Værløse,2025-12-31T23:00:00Z,13197
19018839 190-18839 Laanshøj,2025-12-31T23:00:00Z,972
19099997 190-99997 Uden fast bopæl,2025-12-31T23:00:00Z,93
19099999 190-99999 Landdistrikter,2025-12-31T23:00:00Z,757
20100201 201-00201 Allerød Kommune,2025-12-31T23:00:00Z,26496
20110241 201-10241 Birkerød (del af flere kommuner),2025-12-31T23:00:00Z,27
20110300 201-10300 Blovstrød,2025-12-31T23:00:00Z,3019
20110693 201-10693 Lynge,2025-12-31T23:00:00Z,4425
20110829 201-10829 Lillerød,2025-12-31T23:00:00Z,16894
20112871 201-12871 Nymølle,2025-12-31T23:00:00Z,357
20199997 201-99997 Uden fast bopæl,2025-12-31T23:00:00Z,45
20199999 201-99999 Landdistrikter,2025-12-31T23:00:00Z,1729
21000210 210-00210 Fredensborg Kommune,2025-12-31T23:00:00Z,42445
21010006 210-10006 Humlebæk,2025-12-31T23:00:00Z,9802
21010008 210-10008 Nivå,2025-12-31T23:00:00Z,8816
21010172 210-10172 Helsingør (del af flere kommuner),2025-12-31T23:00:00Z,98
21010194 210-10194 Espergærde (del af flere kommuner),2025-12-31T23:00:00Z,0
21010303 210-10303 Hørsholm (del af flere kommuner),2025-12-31T23:00:00Z,10470
21010652 210-10652 Hillerød (del af flere kommuner),2025-12-31T23:00:00Z,10
21010703 210-10703 Sørup,2025-12-31T23:00:00Z,558
21016469 210-16469 Karlebo,2025-12-31T23:00:00Z,262
21018410 210-18410 Fredensborg,2025-12-31T23:00:00Z,8941
21018411 210-18411 Nivå Havn,2025-12-31T23:00:00Z,0
21099997 210-99997 Uden fast bopæl,2025-12-31T23:00:00Z,87
21099999 210-99999 Landdistrikter,2025-12-31T23:00:00Z,3401
21700217 217-00217 Helsingør Kommune,2025-12-31T23:00:00Z,64244
21710007 217-10007 Kvistgård,2025-12-31T23:00:00Z,1235
21710135 217-10135 Hornbæk-Dronningmølle (del af flere kommuner),2025-12-31T23:00:00Z,3605
21710136 217-10136 Hellebæk,2025-12-31T23:00:00Z,5765
21710170 217-10170 Tikøb,2025-12-31T23:00:00Z,701
21710171 217-10171 Gurre,2025-12-31T23:00:00Z,422
21710172 217-10172 Helsingør (del af flere kommuner),2025-12-31T23:00:00Z,48352
21710194 217-10194 Espergærde (del af flere kommuner),2025-12-31T23:00:00Z,0
21712974 217-12974 Langesø,2025-12-31T23:00:00Z,349
21715244 217-15244 Saunte,2025-12-31T23:00:00Z,1379
21770078 217-70078 Stenstrup,2025-12-31T23:00:00Z,0
21799997 217-99997 Uden fast bopæl,2025-12-31T23:00:00Z,130
21799999 217-99999 Landdistrikter,2025-12-31T23:00:00Z,2306
21900219 219-00219 Hillerød Kommune,2025-12-31T23:00:00Z,55182
21910076 219-10076 Skævinge,2025-12-31T23:00:00Z,2964
21910232 219-10232 Store Lyngby,2025-12-31T23:00:00Z,812
21910233 219-10233 Meløse,2025-12-31T23:00:00Z,652
21910291 219-10291 Gørløse,2025-12-31T23:00:00Z,1234
21910292 219-10292 Nørre Herlev,2025-12-31T23:00:00Z,422
21910299 219-10299 Uvelse,2025-12-31T23:00:00Z,1058
21910650 219-10650 Alsønderup,2025-12-31T23:00:00Z,609
21910651 219-10651 Gadevang,2025-12-31T23:00:00Z,1135
21910652 219-10652 Hillerød (del af flere kommuner),2025-12-31T23:00:00Z,36863
21910700 219-10700 Nødebo,2025-12-31T23:00:00Z,2057
21910808 219-10808 Ny Hammersholt,2025-12-31T23:00:00Z,1259
21912960 219-12960 Brødeskov,2025-12-31T23:00:00Z,0
21913387 219-13387 Ny Harløse,2025-12-31T23:00:00Z,0
21918409 219-18409 Tulstrup,2025-12-31T23:00:00Z,1187
21999997 219-99997 Uden fast bopæl,2025-12-31T23:00:00Z,155
21999999 219-99999 Landdistrikter,2025-12-31T23:00:00Z,4775
22300223 223-00223 Hørsholm Kommune,2025-12-31T23:00:00Z,25354
22310289 223-10289 Trørød (del af flere kommuner),2025-12-31T23:00:00Z,0
22310303 223-10303 Hørsholm (del af flere kommuner),2025-12-31T23:00:00Z,24833
22399997 223-99997 Uden fast bopæl,2025-12-31T23:00:00Z,57
22399999 223-99999 Landdistrikter,2025-12-31T23:00:00Z,464
23000230 230-00230 Rudersdal Kommune,2025-12-31T23:00:00Z,57912
23001100 230-01100 Rudersdal (del af Hovedstadsområdet),2025-12-31T23:00:00Z,20267
23010220 230-10220 Høsterkøb,2025-12-31T23:00:00Z,315
23010241 230-10241 Birkerød (del af flere kommuner),2025-12-31T23:00:00Z,21211
23010287 230-10287 Skodsborg,2025-12-31T23:00:00Z,1229
23010289 230-10289 Trørød (del af flere kommuner),2025-12-31T23:00:00Z,0
23010301 230-10301 Ravnsnæs,2025-12-31T23:00:00Z,584
23010302 230-10302 Brådebæk,2025-12-31T23:00:00Z,0
23010303 230-10303 Hørsholm (del af flere kommuner),2025-12-31T23:00:00Z,13494
23099997 230-99997 Uden fast bopæl,2025-12-31T23:00:00Z,88
23099999 230-99999 Landdistrikter,2025-12-31T23:00:00Z,724
24000240 240-00240 Egedal Kommune,2025-12-31T23:00:00Z,46240
24010030 240-10030 Tangbjerg,2025-12-31T23:00:00Z,603
24010208 240-10208 Ganløse,2025-12-31T23:00:00Z,2872
24010223 240-10223 Smørumnedre (del af flere kommuner),2025-12-31T23:00:00Z,10835
24010224 240-10224 Stenløse,2025-12-31T23:00:00Z,0
24010225 240-10225 Søsum,2025-12-31T23:00:00Z,317
24010273 240-10273 Ledøje,2025-12-31T23:00:00Z,815
24010999 240-10999 Ølstykke St.,2025-12-31T23:00:00Z,0
24011047 240-11047 Slagslunde,2025-12-31T23:00:00Z,933
24011263 240-11263 Smørumovre,2025-12-31T23:00:00Z,237
24018361 240-18361 Veksø,2025-12-31T23:00:00Z,1786
24018767 240-18767 Ølstykke-Stenløse,2025-12-31T23:00:00Z,23904
24070316 240-70316 Buresø,2025-12-31T23:00:00Z,453
24099997 240-99997 Uden fast bopæl,2025-12-31T23:00:00Z,69
24099999 240-99999 Landdistrikter,2025-12-31T23:00:00Z,3416
25000250 250-00250 Frederikssund Kommune,2025-12-31T23:00:00Z,47450
25010012 250-10012 Dalby,2025-12-31T23:00:00Z,278
25010013 250-10013 Skibby,2025-12-31T23:00:00Z,3217
25010014 250-10014 Skuldelev,2025-12-31T23:00:00Z,843
25010177 250-10177 Ferslev,2025-12-31T23:00:00Z,269
25010178 250-10178 Kyndby,2025-12-31T23:00:00Z,252
25010179 250-10179 Venslev,2025-12-31T23:00:00Z,223
25010190 250-10190 Slangerup,2025-12-31T23:00:00Z,6953
25010235 250-10235 Græse Bakkeby,2025-12-31T23:00:00Z,2273
25010236 250-10236 Jægerspris,2025-12-31T23:00:00Z,4131
25010305 250-10305 Sønderby,2025-12-31T23:00:00Z,251
25010680 250-10680 Gerlev,2025-12-31T23:00:00Z,1057
25010681 250-10681 Landerslev,2025-12-31T23:00:00Z,244
25010682 250-10682 Lyngerup,2025-12-31T23:00:00Z,225
25010683 250-10683 Frederikssund,2025-12-31T23:00:00Z,17639
25010684 250-10684 Jørlunde,2025-12-31T23:00:00Z,301
25010698 250-10698 Kyndby Huse,2025-12-31T23:00:00Z,289
25010998 250-10998 Store Rørbæk,2025-12-31T23:00:00Z,577
25015744 250-15744 Vellerup,2025-12-31T23:00:00Z,0
25017169 250-17169 Græse,2025-12-31T23:00:00Z,0
25070269 250-70269 Dalby Huse,2025-12-31T23:00:00Z,301
25070271 250-70271 Kulhuse,2025-12-31T23:00:00Z,864
25070310 250-70310 Over Dråby Strand,2025-12-31T23:00:00Z,459
25070596 250-70596 Vellerup Sommerby,2025-12-31T23:00:00Z,391
25099997 250-99997 Uden fast bopæl,2025-12-31T23:00:00Z,96
25099999 250-99999 Landdistrikter,2025-12-31T23:00:00Z,6317
25300253 253-00253 Greve Kommune,2025-12-31T23:00:00Z,54120
25301100 253-01100 Greve Strand (del af Hovedstadsområdet),2025-12-31T23:00:00Z,46106
25310184 253-10184 Greve,2025-12-31T23:00:00Z,725
25310321 253-10321 Tune,2025-12-31T23:00:00Z,5681
25311260 253-11260 Kildebrønde,2025-12-31T23:00:00Z,386
25399997 253-99997 Uden fast bopæl,2025-12-31T23:00:00Z,135
25399999 253-99999 Landdistrikter,2025-12-31T23:00:00Z,1087
25900259 259-00259 Køge Kommune,2025-12-31T23:00:00Z,63962
25910041 259-10041 Vemmedrup,2025-12-31T23:00:00Z,1657
25910042 259-10042 Borup,2025-12-31T23:00:00Z,5063
25910047 259-10047 Ejby,2025-12-31T23:00:00Z,3148
25910048 259-10048 Lellinge,2025-12-31T23:00:00Z,769
25910075 259-10075 Algestrup,2025-12-31T23:00:00Z,952
25910198 259-10198 Slimminge,2025-12-31T23:00:00Z,480
25910199 259-10199 Bjæverskov,2025-12-31T23:00:00Z,3279
25910244 259-10244 Nørre Dalby,2025-12-31T23:00:00Z,534
25910313 259-10313 Køge,2025-12-31T23:00:00Z,38840
25910316 259-10316 Vedskølle (del af flere kommuner),2025-12-31T23:00:00Z,255
25910946 259-10946 Lille Skensved (del af flere kommuner),2025-12-31T23:00:00Z,1630
25910947 259-10947 Gørslev,2025-12-31T23:00:00Z,0
25913716 259-13716 Ølsemagle,2025-12-31T23:00:00Z,735
25999997 259-99997 Uden fast bopæl,2025-12-31T23:00:00Z,307
25999999 259-99999 Landdistrikter,2025-12-31T23:00:00Z,6313
26000260 260-00260 Halsnæs Kommune,2025-12-31T23:00:00Z,31738
26010077 260-10077 Frederiksværk,2025-12-31T23:00:00Z,12884
26010192 260-10192 Liseleje,2025-12-31T23:00:00Z,2390
26010230 260-10230 Vinderød,2025-12-31T23:00:00Z,1024
26010234 260-10234 Ølsted,2025-12-31T23:00:00Z,1946
26010699 260-10699 Hundested,2025-12-31T23:00:00Z,8609
26015663 260-15663 Torup,2025-12-31T23:00:00Z,409
26016438 260-16438 Brederød,2025-12-31T23:00:00Z,229
26018953 260-18953 Melby,2025-12-31T23:00:00Z,783
26070012 260-70012 Evetofte,2025-12-31T23:00:00Z,369
26070015 260-70015 Melby,2025-12-31T23:00:00Z,0
26070124 260-70124 Ølsted Strandhuse,2025-12-31T23:00:00Z,201
26070238 260-70238 Præstelodden,2025-12-31T23:00:00Z,220
26070259 260-70259 Ølsted Sydstrand,2025-12-31T23:00:00Z,326
26099997 260-99997 Uden fast bopæl,2025-12-31T23:00:00Z,104
26099999 260-99999 Landdistrikter,2025-12-31T23:00:00Z,2244
26500265 265-00265 Roskilde Kommune,2025-12-31T23:00:00Z,92697
26510015 265-10015 Gundsømagle,2025-12-31T23:00:00Z,2877
26510033 265-10033 Ågerup,2025-12-31T23:00:00Z,1764
26510034 265-10034 Store Valby,2025-12-31T23:00:00Z,401
26510035 265-10035 Veddelev,2025-12-31T23:00:00Z,1141
26510038 265-10038 Svogerslev,2025-12-31T23:00:00Z,4316
26510040 265-10040 Roskilde,2025-12-31T23:00:00Z,53897
26510185 265-10185 Jyllinge,2025-12-31T23:00:00Z,10920
26510260 265-10260 Herringløse,2025-12-31T23:00:00Z,378
26510856 265-10856 Gadstrup,2025-12-31T23:00:00Z,2019
26510888 265-10888 Vindinge,2025-12-31T23:00:00Z,3219
26510889 265-10889 Vor Frue,2025-12-31T23:00:00Z,708
26510942 265-10942 Havdrup (del af flere kommuner),2025-12-31T23:00:00Z,2
26510943 265-10943 Snoldelev,2025-12-31T23:00:00Z,626
26510944 265-10944 Viby,2025-12-31T23:00:00Z,5227
26512961 265-12961 Assendløse,2025-12-31T23:00:00Z,0
26512970 265-12970 Gundsølille,2025-12-31T23:00:00Z,244
26599997 265-99997 Uden fast bopæl,2025-12-31T23:00:00Z,92
26599999 265-99999 Landdistrikter,2025-12-31T23:00:00Z,4866
26900269 269-00269 Solrød Kommune,2025-12-31T23:00:00Z,25040
26910319 269-10319 Solrød,2025-12-31T23:00:00Z,546
26910320 269-10320 Solrød Strand,2025-12-31T23:00:00Z,17964
26910942 269-10942 Havdrup (del af flere kommuner),2025-12-31T23:00:00Z,4597
26910945 269-10945 Jersie,2025-12-31T23:00:00Z,548
26910946 269-10946 Lille Skensved (del af flere kommuner),2025-12-31T23:00:00Z,66
26999997 269-99997 Uden fast bopæl,2025-12-31T23:00:00Z,16
26999999 269-99999 Landdistrikter,2025-12-31T23:00:00Z,1303
27000270 270-00270 Gribskov Kommune,2025-12-31T23:00:00Z,41787
27010131 270-10131 Kagerup,2025-12-31T23:00:00Z,401
27010132 270-10132 Annisse Nord,2025-12-31T23:00:00Z,1621
27010134 270-10134 Munkerup,2025-12-31T23:00:00Z,0
27010135 270-10135 Hornbæk-Dronningmølle (del af flere kommuner),2025-12-31T23:00:00Z,1460
27010191 270-10191 Ramløse,2025-12-31T23:00:00Z,1551
27010193 270-10193 Helsinge,2025-12-31T23:00:00Z,9853
27010214 270-10214 Skærød,2025-12-31T23:00:00Z,0
27010215 270-10215 Tisvilde,2025-12-31T23:00:00Z,1341
27010216 270-10216 Vejby,2025-12-31T23:00:00Z,1073
27010231 270-10231 Annisse,2025-12-31T23:00:00Z,313
27010252 270-10252 Blistrup,2025-12-31T23:00:00Z,1134
27010253 270-10253 Esbønderup,2025-12-31T23:00:00Z,1416
27010254 270-10254 Græsted,2025-12-31T23:00:00Z,3596
27010338 270-10338 Smidstrup,2025-12-31T23:00:00Z,1153
27010753 270-10753 Gilleleje,2025-12-31T23:00:00Z,6598
27010871 270-10871 Esrum,2025-12-31T23:00:00Z,479
27012971 270-12971 Holløse,2025-12-31T23:00:00Z,320
27012973 270-12973 Ørby,2025-12-31T23:00:00Z,276
27012997 270-12997 Mårum,2025-12-31T23:00:00Z,220
27013856 270-13856 Esbønderup Kohave,2025-12-31T23:00:00Z,0
27016501 270-16501 Søborg,2025-12-31T23:00:00Z,238
27070056 270-70056 Rågeleje,2025-12-31T23:00:00Z,681
27070058 270-70058 Holløselund,2025-12-31T23:00:00Z,326
27070063 270-70063 Vejby Strand,2025-12-31T23:00:00Z,312
27070068 270-70068 Bækkekrog,2025-12-31T23:00:00Z,0
27070073 270-70073 Udsholt Strand,2025-12-31T23:00:00Z,927
27070077 270-70077 Dronningmølle,2025-12-31T23:00:00Z,0
27070171 270-70171 Strand Esbønderup,2025-12-31T23:00:00Z,276
27099997 270-99997 Uden fast bopæl,2025-12-31T23:00:00Z,92
27099999 270-99999 Landdistrikter,2025-12-31T23:00:00Z,6130
30600306 306-00306 Odsherred Kommune,2025-12-31T23:00:00Z,31988
30610083 306-10083 Stårup,2025-12-31T23:00:00Z,0
30610084 306-10084 Højby,2025-12-31T23:00:00Z,1400
30610157 306-10157 Rørvig,2025-12-31T23:00:00Z,996
30610261 306-10261 Strandhuse,2025-12-31T23:00:00Z,226
30610262 306-10262 Svinninge,2025-12-31T23:00:00Z,0
30610263 306-10263 Vig,2025-12-31T23:00:00Z,1720
30610264 306-10264 Egebjerg,2025-12-31T23:00:00Z,417
30610328 306-10328 Grevinge,2025-12-31T23:00:00Z,567
30610355 306-10355 Havnebyen,2025-12-31T23:00:00Z,568
30610379 306-10379 Herrestrup,2025-12-31T23:00:00Z,234
30610410 306-10410 Havnsø (del af flere kommuner),2025-12-31T23:00:00Z,0
30610421 306-10421 Fårevejle Stationsby,2025-12-31T23:00:00Z,1796
30610422 306-10422 Hørve,2025-12-31T23:00:00Z,2405
30610440 306-10440 Fårevejle Kirkeby,2025-12-31T23:00:00Z,700
30610482 306-10482 Nykøbing S,2025-12-31T23:00:00Z,5034
30611001 306-11001 Asnæs,2025-12-31T23:00:00Z,3048
30611778 306-11778 Nørre Asmindrup,2025-12-31T23:00:00Z,625
30614455 306-14455 Moseby,2025-12-31T23:00:00Z,462
30615869 306-15869 Høve,2025-12-31T23:00:00Z,0
30616807 306-16807 Kelstrup,2025-12-31T23:00:00Z,223
30670023 306-70023 Vester Lyng,2025-12-31T23:00:00Z,0
30670024 306-70024 Øster Lyng,2025-12-31T23:00:00Z,269
30670026 306-70026 Klint,2025-12-31T23:00:00Z,264
30670030 306-70030 Klintehuse,2025-12-31T23:00:00Z,0
30670079 306-70079 Ordrup Strand,2025-12-31T23:00:00Z,0
30670133 306-70133 Hønsinge Lyng,2025-12-31T23:00:00Z,275
30670185 306-70185 Yderby Lyng,2025-12-31T23:00:00Z,0
30670197 306-70197 Veddinge Bakker,2025-12-31T23:00:00Z,0
30670216 306-70216 Nyrup,2025-12-31T23:00:00Z,237
30670219 306-70219 Ellinge Lyng,2025-12-31T23:00:00Z,324
30670579 306-70579 Grevinge Lammefjord,2025-12-31T23:00:00Z,242
30699997 306-99997 Uden fast bopæl,2025-12-31T23:00:00Z,88
30699999 306-99999 Landdistrikter,2025-12-31T23:00:00Z,9868
31600316 316-00316 Holbæk Kommune,2025-12-31T23:00:00Z,75009
31610176 316-10176 Bybjerg,2025-12-31T23:00:00Z,286
31610180 316-10180 Tjebberup,2025-12-31T23:00:00Z,0
31610276 316-10276 Regstrup,2025-12-31T23:00:00Z,1650
31610310 316-10310 Hagested,2025-12-31T23:00:00Z,444
31610311 316-10311 Hørby,2025-12-31T23:00:00Z,0
31610312 316-10312 Kirke Eskilstrup,2025-12-31T23:00:00Z,638
31610371 316-10371 Sønder Jernløse,2025-12-31T23:00:00Z,262
31610372 316-10372 Kvanløse,2025-12-31T23:00:00Z,246
31610373 316-10373 Undløse,2025-12-31T23:00:00Z,1105
31610380 316-10380 Udby,2025-12-31T23:00:00Z,493
31610381 316-10381 Gislinge,2025-12-31T23:00:00Z,1576
31610382 316-10382 Kundby,2025-12-31T23:00:00Z,682
31610392 316-10392 Ugerløse,2025-12-31T23:00:00Z,926
31610398 316-10398 Jyderup,2025-12-31T23:00:00Z,4207
31610439 316-10439 Svinninge,2025-12-31T23:00:00Z,2891
31610444 316-10444 Knabstrup,2025-12-31T23:00:00Z,1105
31610445 316-10445 Mørkøv,2025-12-31T23:00:00Z,1899
31610475 316-10475 Stigs Bjergby,2025-12-31T23:00:00Z,301
31610487 316-10487 Holbæk,2025-12-31T23:00:00Z,31112
31610488 316-10488 Mårsø,2025-12-31T23:00:00Z,313
31610489 316-10489 Tuse,2025-12-31T23:00:00Z,1387
31610891 316-10891 Arnakke,2025-12-31T23:00:00Z,374
31611046 316-11046 Store Merløse,2025-12-31T23:00:00Z,1188
31611436 316-11436 Søstrup,2025-12-31T23:00:00Z,351
31611805 316-11805 Ny Hagested,2025-12-31T23:00:00Z,213
31615677 316-15677 Gammel Tølløse,2025-12-31T23:00:00Z,247
31618359 316-18359 Tølløse,2025-12-31T23:00:00Z,4028
31618360 316-18360 Vipperød,2025-12-31T23:00:00Z,2803
31618836 316-18836 Markeslev,2025-12-31T23:00:00Z,401
31618995 316-18995 Nørre Jernløse,2025-12-31T23:00:00Z,335
31670094 316-70094 Gamløse,2025-12-31T23:00:00Z,216
31670164 316-70164 Kisserup Strand,2025-12-31T23:00:00Z,0
31699997 316-99997 Uden fast bopæl,2025-12-31T23:00:00Z,90
31699999 316-99999 Landdistrikter,2025-12-31T23:00:00Z,13240
32000320 320-00320 Faxe Kommune,2025-12-31T23:00:00Z,38143
32010000 320-10000 Karise,2025-12-31T23:00:00Z,2431
32010005 320-10005 Faxe Ladeplads,2025-12-31T23:00:00Z,2496
32010072 320-10072 Haslev,2025-12-31T23:00:00Z,12894
32010073 320-10073 Terslev,2025-12-31T23:00:00Z,921
32010137 320-10137 Teestrup,2025-12-31T23:00:00Z,236
32010155 320-10155 Dalby,2025-12-31T23:00:00Z,2506
32010186 320-10186 Faxe,2025-12-31T23:00:00Z,4204
32010268 320-10268 Førslev,2025-12-31T23:00:00Z,350
32010343 320-10343 Rønnede,2025-12-31T23:00:00Z,2969
32011262 320-11262 Skuderløse,2025-12-31T23:00:00Z,201
32015094 320-15094 Orup,2025-12-31T23:00:00Z,0
32016271 320-16271 Store Spjellerup,2025-12-31T23:00:00Z,200
32099997 320-99997 Uden fast bopæl,2025-12-31T23:00:00Z,67
32099999 320-99999 Landdistrikter,2025-12-31T23:00:00Z,8668
32600326 326-00326 Kalundborg Kommune,2025-12-31T23:00:00Z,47954
32610061 326-10061 Løve,2025-12-31T23:00:00Z,302
32610187 326-10187 Reersø,2025-12-31T23:00:00Z,490
32610188 326-10188 Kirke Helsinge,2025-12-31T23:00:00Z,489
32610246 326-10246 Spangsbro,2025-12-31T23:00:00Z,746
32610247 326-10247 Kalundborg,2025-12-31T23:00:00Z,16466
32610248 326-10248 Svallerup,2025-12-31T23:00:00Z,271
32610249 326-10249 Årby,2025-12-31T23:00:00Z,395
32610270 326-10270 Sæby,2025-12-31T23:00:00Z,327
32610308 326-10308 Bjerge,2025-12-31T23:00:00Z,215
32610309 326-10309 Gørlev,2025-12-31T23:00:00Z,2405
32610399 326-10399 Svebølle,2025-12-31T23:00:00Z,2243
32610410 326-10410 Havnsø (del af flere kommuner),2025-12-31T23:00:00Z,938
32610423 326-10423 Eskebjerg,2025-12-31T23:00:00Z,217
32610424 326-10424 Føllenslev,2025-12-31T23:00:00Z,338
32610438 326-10438 Snertinge,2025-12-31T23:00:00Z,908
32610442 326-10442 Høng,2025-12-31T23:00:00Z,4299
32610484 326-10484 Rørby,2025-12-31T23:00:00Z,721
32610485 326-10485 Ubby,2025-12-31T23:00:00Z,1894
32610486 326-10486 Ulstrup,2025-12-31T23:00:00Z,387
32611261 326-11261 Sejerby,2025-12-31T23:00:00Z,0
32611792 326-11792 Ugerløse,2025-12-31T23:00:00Z,238
32614630 326-14630 Flinterup,2025-12-31T23:00:00Z,0
32614631 326-14631 Store Fuglede,2025-12-31T23:00:00Z,0
32618694 326-18694 Store Fuglede Stationsby,2025-12-31T23:00:00Z,0
32670130 326-70130 Kaldred,2025-12-31T23:00:00Z,427
32699997 326-99997 Uden fast bopæl,2025-12-31T23:00:00Z,108
32699999 326-99999 Landdistrikter,2025-12-31T23:00:00Z,13130
32900329 329-00329 Ringsted Kommune,2025-12-31T23:00:00Z,36010
32910011 329-10011 Jystrup,2025-12-31T23:00:00Z,853
32910063 329-10063 Gyrstinge,2025-12-31T23:00:00Z,331
32910074 329-10074 Ørslev,2025-12-31T23:00:00Z,677
32910245 329-10245 Fjællebro,2025-12-31T23:00:00Z,223
32910255 329-10255 Kværkeby,2025-12-31T23:00:00Z,597
32910256 329-10256 Nordrup,2025-12-31T23:00:00Z,338
32910257 329-10257 Ortved,2025-12-31T23:00:00Z,240
32910258 329-10258 Vigersted,2025-12-31T23:00:00Z,550
32910267 329-10267 Vetterslev,2025-12-31T23:00:00Z,665
32910306 329-10306 Høm,2025-12-31T23:00:00Z,449
32910307 329-10307 Ringsted,2025-12-31T23:00:00Z,23866
32916836 329-16836 Sneslev,2025-12-31T23:00:00Z,408
32916844 329-16844 Farendløse,2025-12-31T23:00:00Z,349
32999997 329-99997 Uden fast bopæl,2025-12-31T23:00:00Z,78
32999999 329-99999 Landdistrikter,2025-12-31T23:00:00Z,6386
33000330 330-00330 Slagelse Kommune,2025-12-31T23:00:00Z,80959
33010001 330-10001 Forlev,2025-12-31T23:00:00Z,2555
33010002 330-10002 Korsør,2025-12-31T23:00:00Z,14290
33010003 330-10003 Svenstrup,2025-12-31T23:00:00Z,1811
33010158 330-10158 Boeslunde,2025-12-31T23:00:00Z,771
33010159 330-10159 Eggeslevmagle,2025-12-31T23:00:00Z,0
33010189 330-10189 Kirke Stillinge,2025-12-31T23:00:00Z,743
33010195 330-10195 Havrebjerg,2025-12-31T23:00:00Z,376
33010196 330-10196 Sørbymagle,2025-12-31T23:00:00Z,1112
33010197 330-10197 Flakkebjerg,2025-12-31T23:00:00Z,444
33010226 330-10226 Dalmose,2025-12-31T23:00:00Z,983
33010275 330-10275 Bisserup,2025-12-31T23:00:00Z,502
33010638 330-10638 Rude,2025-12-31T23:00:00Z,304
33010697 330-10697 Skælskør,2025-12-31T23:00:00Z,6334
33011000 330-11000 Slagelse,2025-12-31T23:00:00Z,36140
33011266 330-11266 Slots Bjergby,2025-12-31T23:00:00Z,1026
33011460 330-11460 Rosted,2025-12-31T23:00:00Z,0
33014643 330-14643 Agersø,2025-12-31T23:00:00Z,0
33016061 330-16061 Sønderup,2025-12-31T23:00:00Z,202
33070000 330-70000 Frølunde Fed,2025-12-31T23:00:00Z,312
33070002 330-70002 Næsby Strand,2025-12-31T23:00:00Z,230
33070102 330-70102 Kongsmark Strand,2025-12-31T23:00:00Z,235
33070106 330-70106 Stillinge Strand,2025-12-31T23:00:00Z,401
33099997 330-99997 Uden fast bopæl,2025-12-31T23:00:00Z,231
33099999 330-99999 Landdistrikter,2025-12-31T23:00:00Z,11957
33600336 336-00336 Stevns Kommune,2025-12-31T23:00:00Z,23842
33610004 336-10004 Rødvig,2025-12-31T23:00:00Z,1828
33610054 336-10054 Hårlev,2025-12-31T23:00:00Z,2957
33610055 336-10055 Hellested,2025-12-31T23:00:00Z,557
33610056 336-10056 Strøby,2025-12-31T23:00:00Z,719
33610057 336-10057 Klippinge,2025-12-31T23:00:00Z,491
33610058 336-10058 Magleby,2025-12-31T23:00:00Z,311
33610314 336-10314 Strøby Egede,2025-12-31T23:00:00Z,5103
33610315 336-10315 Valløby,2025-12-31T23:00:00Z,752
33610316 336-10316 Vedskølle (del af flere kommuner),2025-12-31T23:00:00Z,5
33610333 336-10333 Holtug,2025-12-31T23:00:00Z,235
33610334 336-10334 Sigerslev,2025-12-31T23:00:00Z,0
33610342 336-10342 Store Heddinge,2025-12-31T23:00:00Z,3690
33616277 336-16277 Havnelev-Boestofte,2025-12-31T23:00:00Z,229
33618396 336-18396 Lyderslev,2025-12-31T23:00:00Z,312
33699997 336-99997 Uden fast bopæl,2025-12-31T23:00:00Z,42
33699999 336-99999 Landdistrikter,2025-12-31T23:00:00Z,6611
34000340 340-00340 Sorø Kommune,2025-12-31T23:00:00Z,30853
34010062 340-10062 Dianalund,2025-12-31T23:00:00Z,4132
34010142 340-10142 Broby Overdrev,2025-12-31T23:00:00Z,226
34010143 340-10143 Fjenneslev,2025-12-31T23:00:00Z,801
34010144 340-10144 Frederiksberg,2025-12-31T23:00:00Z,4186
34010251 340-10251 Skellebjerg,2025-12-31T23:00:00Z,0
34010265 340-10265 Tersløse,2025-12-31T23:00:00Z,238
34010269 340-10269 Ruds Vedby,2025-12-31T23:00:00Z,1661
34010390 340-10390 Nyrup,2025-12-31T23:00:00Z,408
34010391 340-10391 Stenlille,2025-12-31T23:00:00Z,2074
34010404 340-10404 Vedde,2025-12-31T23:00:00Z,248
34010441 340-10441 Munke Bjergby,2025-12-31T23:00:00Z,327
34010472 340-10472 Sorø,2025-12-31T23:00:00Z,8415
34011580 340-11580 Niløse,2025-12-31T23:00:00Z,215
34017856 340-17856 Lynge,2025-12-31T23:00:00Z,226
34099997 340-99997 Uden fast bopæl,2025-12-31T23:00:00Z,14
34099999 340-99999 Landdistrikter,2025-12-31T23:00:00Z,7682
35000350 350-00350 Lejre Kommune,2025-12-31T23:00:00Z,29879
35010029 350-10029 Gershøj,2025-12-31T23:00:00Z,688
35010036 350-10036 Gevninge,2025-12-31T23:00:00Z,1636
35010037 350-10037 Lejre,2025-12-31T23:00:00Z,3429
35010039 350-10039 Øm,2025-12-31T23:00:00Z,468
35010163 350-10163 Kirke Såby,2025-12-31T23:00:00Z,1651
35010164 350-10164 Torkilstrup,2025-12-31T23:00:00Z,242
35010181 350-10181 Kirke Hyllinge,2025-12-31T23:00:00Z,2354
35010182 350-10182 Sæby,2025-12-31T23:00:00Z,322
35010743 350-10743 Kirke Hvalsø,2025-12-31T23:00:00Z,4995
35010815 350-10815 Ejby,2025-12-31T23:00:00Z,1964
35010852 350-10852 Lyndby,2025-12-31T23:00:00Z,599
35010853 350-10853 Englerup,2025-12-31T23:00:00Z,284
35010854 350-10854 Vester Såby,2025-12-31T23:00:00Z,451
35010855 350-10855 Osted,2025-12-31T23:00:00Z,2349
35010890 350-10890 Kirke Sonnerup,2025-12-31T23:00:00Z,961
35012965 350-12965 Herslev,2025-12-31T23:00:00Z,230
35014241 350-14241 Gøderup,2025-12-31T23:00:00Z,0
35015675 350-15675 Lindenborg,2025-12-31T23:00:00Z,264
35070087 350-70087 Kyndeløse Sydmark,2025-12-31T23:00:00Z,555
35099997 350-99997 Uden fast bopæl,2025-12-31T23:00:00Z,39
35099999 350-99999 Landdistrikter,2025-12-31T23:00:00Z,6398
36000360 360-00360 Lolland Kommune,2025-12-31T23:00:00Z,38533
36010335 360-10335 Dannemare,2025-12-31T23:00:00Z,365
36010345 360-10345 Rødbyhavn,2025-12-31T23:00:00Z,1445
36010419 360-10419 Rødby,2025-12-31T23:00:00Z,1927
36010427 360-10427 Errindlev,2025-12-31T23:00:00Z,277
36010443 360-10443 Langø,2025-12-31T23:00:00Z,246
36010446 360-10446 Horslunde,2025-12-31T23:00:00Z,573
36010448 360-10448 Utterslev,2025-12-31T23:00:00Z,0
36010449 360-10449 Sandby,2025-12-31T23:00:00Z,328
36010450 360-10450 Branderslev,2025-12-31T23:00:00Z,202
36010491 360-10491 Holeby,2025-12-31T23:00:00Z,1352
36010492 360-10492 Hillested,2025-12-31T23:00:00Z,213
36010506 360-10506 Nakskov,2025-12-31T23:00:00Z,11969
36010512 360-10512 Stokkemarke,2025-12-31T23:00:00Z,400
36010513 360-10513 Søllested,2025-12-31T23:00:00Z,1347
36010514 360-10514 Nørreballe,2025-12-31T23:00:00Z,456
36010527 360-10527 Bandholm,2025-12-31T23:00:00Z,451
36010528 360-10528 Hunseby,2025-12-31T23:00:00Z,385
36010542 360-10542 Birket,2025-12-31T23:00:00Z,0
36010556 360-10556 Vesterby,2025-12-31T23:00:00Z,0
36010559 360-10559 Anderstrup,2025-12-31T23:00:00Z,0
36010560 360-10560 Maribo,2025-12-31T23:00:00Z,5783
36099997 360-99997 Uden fast bopæl,2025-12-31T23:00:00Z,17
36099999 360-99999 Landdistrikter,2025-12-31T23:00:00Z,10797
37000370 370-00370 Næstved Kommune,2025-12-31T23:00:00Z,85163
37010053 370-10053 Brøderup,2025-12-31T23:00:00Z,0
37010067 370-10067 Everdrup,2025-12-31T23:00:00Z,248
37010086 370-10086 Glumsø,2025-12-31T23:00:00Z,2269
37010110 370-10110 Fensmark,2025-12-31T23:00:00Z,5203
37010111 370-10111 Gelsted,2025-12-31T23:00:00Z,1183
37010112 370-10112 Holme-Olstrup,2025-12-31T23:00:00Z,1265
37010113 370-10113 Næstved,2025-12-31T23:00:00Z,45522
37010114 370-10114 Rønnebæk,2025-12-31T23:00:00Z,580
37010115 370-10115 Mogenstrup,2025-12-31T23:00:00Z,2090
37010145 370-10145 Sandved,2025-12-31T23:00:00Z,686
37010146 370-10146 Tornemark,2025-12-31T23:00:00Z,291
37010147 370-10147 Hyllinge,2025-12-31T23:00:00Z,463
37010148 370-10148 Menstrup,2025-12-31T23:00:00Z,232
37010149 370-10149 Skraverup,2025-12-31T23:00:00Z,226
37010217 370-10217 Karrebæksminde,2025-12-31T23:00:00Z,1775
37010229 370-10229 Lov,2025-12-31T23:00:00Z,567
37010266 370-10266 Toksværd,2025-12-31T23:00:00Z,844
37010474 370-10474 Fuglebjerg,2025-12-31T23:00:00Z,2321
37010494 370-10494 Skelby,2025-12-31T23:00:00Z,274
37010653 370-10653 Tappernøje,2025-12-31T23:00:00Z,1686
37010948 370-10948 Herlufmagle,2025-12-31T23:00:00Z,1423
37010949 370-10949 Tybjerglille Bakker,2025-12-31T23:00:00Z,332
37016822 370-16822 Gangesbro,2025-12-31T23:00:00Z,0
37016913 370-16913 Vallensved,2025-12-31T23:00:00Z,259
37070112 370-70112 Enø By,2025-12-31T23:00:00Z,353
37099997 370-99997 Uden fast bopæl,2025-12-31T23:00:00Z,196
37099999 370-99999 Landdistrikter,2025-12-31T23:00:00Z,14875
37600376 376-00376 Guldborgsund Kommune,2025-12-31T23:00:00Z,59119
37610016 376-10016 Grænge,2025-12-31T23:00:00Z,361
37610021 376-10021 Toreby,2025-12-31T23:00:00Z,617
37610022 376-10022 Hasselø Plantage,2025-12-31T23:00:00Z,210
37610023 376-10023 Nagelsti,2025-12-31T23:00:00Z,532
37610024 376-10024 Nykøbing F,2025-12-31T23:00:00Z,16656
37610025 376-10025 Sundby,2025-12-31T23:00:00Z,3236
37610026 376-10026 Systofte Skovby,2025-12-31T23:00:00Z,353
37610027 376-10027 Frejlev,2025-12-31T23:00:00Z,0
37610028 376-10028 Kettinge,2025-12-31T23:00:00Z,529
37610116 376-10116 Møllehave,2025-12-31T23:00:00Z,0
37610122 376-10122 Bangsebro,2025-12-31T23:00:00Z,0
37610123 376-10123 Eskilstrup,2025-12-31T23:00:00Z,1104
37610124 376-10124 Stubberup,2025-12-31T23:00:00Z,0
37610125 376-10125 Tingsted,2025-12-31T23:00:00Z,226
37610126 376-10126 Ønslev,2025-12-31T23:00:00Z,403
37610127 376-10127 Vålse,2025-12-31T23:00:00Z,0
37610128 376-10128 Orehoved,2025-12-31T23:00:00Z,416
37610129 376-10129 Øster Kippinge,2025-12-31T23:00:00Z,261
37610332 376-10332 Nørre Alslev,2025-12-31T23:00:00Z,2324
37610383 376-10383 Nysted,2025-12-31T23:00:00Z,1237
37610387 376-10387 Gedser,2025-12-31T23:00:00Z,610
37610406 376-10406 Væggerløse,2025-12-31T23:00:00Z,1292
37610407 376-10407 Idestrup,2025-12-31T23:00:00Z,1106
37610408 376-10408 Sønder Vedby Skovhuse,2025-12-31T23:00:00Z,299
37610426 376-10426 Øster Ulslev,2025-12-31T23:00:00Z,235
37610566 376-10566 Sakskøbing,2025-12-31T23:00:00Z,4580
37610849 376-10849 Horbelev,2025-12-31T23:00:00Z,524
37610850 376-10850 Horreby,2025-12-31T23:00:00Z,267
37610851 376-10851 Guldborg,2025-12-31T23:00:00Z,493
37610886 376-10886 Stubbekøbing,2025-12-31T23:00:00Z,2204
37613628 376-13628 Karleby,2025-12-31T23:00:00Z,0
37616177 376-16177 Radsted,2025-12-31T23:00:00Z,0
37617100 376-17100 Nørre Vedby,2025-12-31T23:00:00Z,0
37618595 376-18595 Nordbyen,2025-12-31T23:00:00Z,1999
37670200 376-70200 Nykøbing Strandhuse,2025-12-31T23:00:00Z,303
37670204 376-70204 Marielyst,2025-12-31T23:00:00Z,621
37699997 376-99997 Uden fast bopæl,2025-12-31T23:00:00Z,33
37699999 376-99999 Landdistrikter,2025-12-31T23:00:00Z,16088
39000390 390-00390 Vordingborg Kommune,2025-12-31T23:00:00Z,44831
39010050 390-10050 Køng,2025-12-31T23:00:00Z,915
39010051 390-10051 Lundby,2025-12-31T23:00:00Z,823
39010052 390-10052 Bårse,2025-12-31T23:00:00Z,539
39010150 390-10150 Stensved,2025-12-31T23:00:00Z,1504
39010151 390-10151 Klarskov,2025-12-31T23:00:00Z,212
39010227 390-10227 Neder Vindinge,2025-12-31T23:00:00Z,0
39010228 390-10228 Vordingborg,2025-12-31T23:00:00Z,11850
39010326 390-10326 Borre,2025-12-31T23:00:00Z,229
39010330 390-10330 Kalvehave,2025-12-31T23:00:00Z,571
39010331 390-10331 Stege,2025-12-31T23:00:00Z,3811
39010388 390-10388 Klintholm Havn,2025-12-31T23:00:00Z,0
39010397 390-10397 Bogø By,2025-12-31T23:00:00Z,897
39010428 390-10428 Store Damme,2025-12-31T23:00:00Z,545
39010612 390-10612 Præstø,2025-12-31T23:00:00Z,4028
39010751 390-10751 Skibinge,2025-12-31T23:00:00Z,329
39010762 390-10762 Gammel Kalvehave,2025-12-31T23:00:00Z,708
39010881 390-10881 Allerslev,2025-12-31T23:00:00Z,253
39010882 390-10882 Nyråd,2025-12-31T23:00:00Z,2563
39010883 390-10883 Ørslev,2025-12-31T23:00:00Z,2023
39010884 390-10884 Langebæk,2025-12-31T23:00:00Z,236
39010885 390-10885 Mern,2025-12-31T23:00:00Z,961
39017173 390-17173 Udby,2025-12-31T23:00:00Z,0
39070280 390-70280 Bakkebølle Strand,2025-12-31T23:00:00Z,0
39099997 390-99997 Uden fast bopæl,2025-12-31T23:00:00Z,66
39099999 390-99999 Landdistrikter,2025-12-31T23:00:00Z,11768
40000400 400-00400 Bornholm Kommune,2025-12-31T23:00:00Z,38677
40010065 400-10065 Allinge-Sandvig,2025-12-31T23:00:00Z,1448
40010066 400-10066 Hasle,2025-12-31T23:00:00Z,1627
40010281 400-10281 Svaneke,2025-12-31T23:00:00Z,1074
40010282 400-10282 Årsdale,2025-12-31T23:00:00Z,264
40010283 400-10283 Aakirkeby,2025-12-31T23:00:00Z,2109
40010284 400-10284 Pedersker,2025-12-31T23:00:00Z,204
40010285 400-10285 Snogebæk,2025-12-31T23:00:00Z,676
40010586 400-10586 Nexø,2025-12-31T23:00:00Z,3645
40010605 400-10605 Tejn,2025-12-31T23:00:00Z,753
40010647 400-10647 Østerlars,2025-12-31T23:00:00Z,262
40010648 400-10648 Listed,2025-12-31T23:00:00Z,0
40010649 400-10649 Østermarie,2025-12-31T23:00:00Z,448
40010810 400-10810 Lobbæk,2025-12-31T23:00:00Z,305
40010857 400-10857 Nyker,2025-12-31T23:00:00Z,674
40010872 400-10872 Vestermarie,2025-12-31T23:00:00Z,224
40010880 400-10880 Klemensker,2025-12-31T23:00:00Z,607
40011152 400-11152 Rønne,2025-12-31T23:00:00Z,13589
40011444 400-11444 Balka,2025-12-31T23:00:00Z,0
40018347 400-18347 Muleby,2025-12-31T23:00:00Z,472
40018348 400-18348 Nylars,2025-12-31T23:00:00Z,204
40018349 400-18349 Gudhjem,2025-12-31T23:00:00Z,725
40099997 400-99997 Uden fast bopæl,2025-12-31T23:00:00Z,88
40099999 400-99999 Landdistrikter,2025-12-31T23:00:00Z,9279
41000410 410-00410 Middelfart Kommune,2025-12-31T23:00:00Z,40625
41010106 410-10106 Middelfart,2025-12-31T23:00:00Z,16958
41010107 410-10107 Vejlby,2025-12-31T23:00:00Z,0
41010386 410-10386 Brenderup,2025-12-31T23:00:00Z,1481
41010412 410-10412 Fjelsted,2025-12-31T23:00:00Z,282
41010414 410-10414 Harndrup,2025-12-31T23:00:00Z,611
41010519 410-10519 Gelsted (del af flere kommuner),2025-12-31T23:00:00Z,1666
41010670 410-10670 Båring,2025-12-31T23:00:00Z,960
41010671 410-10671 Nørre Aaby,2025-12-31T23:00:00Z,3129
41010701 410-10701 Strib,2025-12-31T23:00:00Z,5285
41011078 410-11078 Ejby,2025-12-31T23:00:00Z,2181
41011272 410-11272 Kauslunde,2025-12-31T23:00:00Z,482
41012737 410-12737 Røjle,2025-12-31T23:00:00Z,242
41013391 410-13391 Føns,2025-12-31T23:00:00Z,0
41099997 410-99997 Uden fast bopæl,2025-12-31T23:00:00Z,37
41099999 410-99999 Landdistrikter,2025-12-31T23:00:00Z,7311
41100411 411-00411 Christiansø,2025-12-31T23:00:00Z,92
41199999 411-99999 Landdistrikter,2025-12-31T23:00:00Z,92
42000420 420-00420 Assens Kommune,2025-12-31T23:00:00Z,40369
42010369 420-10369 Verninge,2025-12-31T23:00:00Z,772
42010413 420-10413 Grønnemose,2025-12-31T23:00:00Z,388
42010432 420-10432 Turup,2025-12-31T23:00:00Z,324
42010433 420-10433 Glamsbjerg,2025-12-31T23:00:00Z,3308
42010473 420-10473 Assens,2025-12-31T23:00:00Z,5817
42010511 420-10511 Skallebølle (del af flere kommuner),2025-12-31T23:00:00Z,707
42010519 420-10519 Gelsted (del af flere kommuner),2025-12-31T23:00:00Z,10
42010520 420-10520 Tommerup Stationsby,2025-12-31T23:00:00Z,2518
42010538 420-10538 Tommerup,2025-12-31T23:00:00Z,1573
42010540 420-10540 Jordløse,2025-12-31T23:00:00Z,323
42010543 420-10543 Brylle,2025-12-31T23:00:00Z,1293
42010551 420-10551 Ebberup,2025-12-31T23:00:00Z,1227
42010552 420-10552 Flemløse,2025-12-31T23:00:00Z,572
42010553 420-10553 Snave,2025-12-31T23:00:00Z,214
42010554 420-10554 Haarby,2025-12-31T23:00:00Z,2532
42010570 420-10570 Aarup,2025-12-31T23:00:00Z,3254
42010689 420-10689 Skalbjerg,2025-12-31T23:00:00Z,573
42010690 420-10690 Vissenbjerg,2025-12-31T23:00:00Z,3265
42010707 420-10707 Ørsted,2025-12-31T23:00:00Z,226
42011092 420-11092 Sandager,2025-12-31T23:00:00Z,0
42011710 420-11710 Torø Huse,2025-12-31T23:00:00Z,0
42011961 420-11961 Nårup,2025-12-31T23:00:00Z,0
42099997 420-99997 Uden fast bopæl,2025-12-31T23:00:00Z,51
42099999 420-99999 Landdistrikter,2025-12-31T23:00:00Z,11422
43000430 430-00430 Faaborg-Midtfyn Kommune,2025-12-31T23:00:00Z,52328
43010327 430-10327 Espe,2025-12-31T23:00:00Z,494
43010351 430-10351 Gislev,2025-12-31T23:00:00Z,1245
43010358 430-10358 Millinge,2025-12-31T23:00:00Z,482
43010359 430-10359 Diernæs,2025-12-31T23:00:00Z,289
43010360 430-10360 Svanninge,2025-12-31T23:00:00Z,201
43010363 430-10363 Faaborg,2025-12-31T23:00:00Z,6822
43010364 430-10364 Bøjden,2025-12-31T23:00:00Z,270
43010365 430-10365 Faldsled,2025-12-31T23:00:00Z,488
43010366 430-10366 Horne,2025-12-31T23:00:00Z,867
43010367 430-10367 Håstrup,2025-12-31T23:00:00Z,334
43010370 430-10370 Vejle,2025-12-31T23:00:00Z,1095
43010395 430-10395 Vester Hæsinge,2025-12-31T23:00:00Z,407
43010396 430-10396 Korinth,2025-12-31T23:00:00Z,891
43010451 430-10451 Ringe,2025-12-31T23:00:00Z,6852
43010452 430-10452 Vantinge,2025-12-31T23:00:00Z,0
43010476 430-10476 Ryslinge,2025-12-31T23:00:00Z,2009
43010478 430-10478 Nørre Broby,2025-12-31T23:00:00Z,1442
43010479 430-10479 Brobyværk,2025-12-31T23:00:00Z,1047
43010480 430-10480 Heden,2025-12-31T23:00:00Z,206
43010481 430-10481 Hillerslev,2025-12-31T23:00:00Z,203
43010490 430-10490 Søllinge,2025-12-31T23:00:00Z,236
43010507 430-10507 Dyreborg,2025-12-31T23:00:00Z,0
43010535 430-10535 Nørre Lyndelse,2025-12-31T23:00:00Z,2340
43010536 430-10536 Årslev,2025-12-31T23:00:00Z,4427
43010537 430-10537 Nørre Søby,2025-12-31T23:00:00Z,904
43010541 430-10541 Vester Åby,2025-12-31T23:00:00Z,801
43010558 430-10558 Kværndrup,2025-12-31T23:00:00Z,1673
43010562 430-10562 Ferritslev,2025-12-31T23:00:00Z,1040
43010563 430-10563 Rolsted,2025-12-31T23:00:00Z,470
43010564 430-10564 Tarup,2025-12-31T23:00:00Z,272
43011656 430-11656 Fjellerup,2025-12-31T23:00:00Z,0
43012121 430-12121 Pederstrup,2025-12-31T23:00:00Z,0
43014974 430-14974 Herringe,2025-12-31T23:00:00Z,221
43014977 430-14977 Krarup,2025-12-31T23:00:00Z,206
43017176 430-17176 Åstrup,2025-12-31T23:00:00Z,218
43099997 430-99997 Uden fast bopæl,2025-12-31T23:00:00Z,18
43099999 430-99999 Landdistrikter,2025-12-31T23:00:00Z,13858
44000440 440-00440 Kerteminde Kommune,2025-12-31T23:00:00Z,24299
44010495 440-10495 Munkebo,2025-12-31T23:00:00Z,5538
44010572 440-10572 Rynkeby,2025-12-31T23:00:00Z,591
44010573 440-10573 Rønninge,2025-12-31T23:00:00Z,241
44010672 440-10672 Dalby,2025-12-31T23:00:00Z,301
44010673 440-10673 Mesinge,2025-12-31T23:00:00Z,313
44010674 440-10674 Kerteminde,2025-12-31T23:00:00Z,6150
44010675 440-10675 Revninge,2025-12-31T23:00:00Z,226
44010676 440-10676 Vejruplund,2025-12-31T23:00:00Z,0
44010709 440-10709 Birkende,2025-12-31T23:00:00Z,713
44010711 440-10711 Langeskov,2025-12-31T23:00:00Z,4458
44011850 440-11850 Kertinge,2025-12-31T23:00:00Z,282
44012863 440-12863 Marslev,2025-12-31T23:00:00Z,700
44016146 440-16146 Skrækkenborg,2025-12-31T23:00:00Z,270
44099997 440-99997 Uden fast bopæl,2025-12-31T23:00:00Z,17
44099999 440-99999 Landdistrikter,2025-12-31T23:00:00Z,4499
45000450 450-00450 Nyborg Kommune,2025-12-31T23:00:00Z,32401
45010349 450-10349 Vindinge,2025-12-31T23:00:00Z,471
45010350 450-10350 Måre,2025-12-31T23:00:00Z,530
45010352 450-10352 Refsvindinge,2025-12-31T23:00:00Z,568
45010477 450-10477 Ørbæk,2025-12-31T23:00:00Z,1747
45010508 450-10508 Hjulby,2025-12-31T23:00:00Z,386
45010509 450-10509 Nyborg,2025-12-31T23:00:00Z,17930
45010532 450-10532 Frørup,2025-12-31T23:00:00Z,376
45010533 450-10533 Svindinge,2025-12-31T23:00:00Z,279
45010534 450-10534 Tårup,2025-12-31T23:00:00Z,284
45010557 450-10557 Ellinge,2025-12-31T23:00:00Z,218
45010574 450-10574 Skellerup,2025-12-31T23:00:00Z,343
45010576 450-10576 Ullerslev,2025-12-31T23:00:00Z,2735
45011271 450-11271 Aunslev,2025-12-31T23:00:00Z,422
45012166 450-12166 Langå,2025-12-31T23:00:00Z,0
45017167 450-17167 Kogsbølle,2025-12-31T23:00:00Z,203
45099997 450-99997 Uden fast bopæl,2025-12-31T23:00:00Z,43
45099999 450-99999 Landdistrikter,2025-12-31T23:00:00Z,5866
46100461 461-00461 Odense Kommune,2025-12-31T23:00:00Z,213168
46110356 461-10356 Seden,2025-12-31T23:00:00Z,0
46110357 461-10357 Seden Strand,2025-12-31T23:00:00Z,316
46110385 461-10385 Næsbyhoved-Broby,2025-12-31T23:00:00Z,1527
46110417 461-10417 Bullerup,2025-12-31T23:00:00Z,0
46110431 461-10431 Lumby,2025-12-31T23:00:00Z,839
46110463 461-10463 Allese,2025-12-31T23:00:00Z,269
46110493 461-10493 Stige,2025-12-31T23:00:00Z,0
46110510 461-10510 Ejlstrup,2025-12-31T23:00:00Z,1280
46110511 461-10511 Skallebølle (del af flere kommuner),2025-12-31T23:00:00Z,5
46110521 461-10521 Blommenslyst,2025-12-31T23:00:00Z,542
46110522 461-10522 Brændekilde,2025-12-31T23:00:00Z,319
46110525 461-10525 Holmstrup,2025-12-31T23:00:00Z,229
46110539 461-10539 Bellinge,2025-12-31T23:00:00Z,5881
46110565 461-10565 Sankt Klemens,2025-12-31T23:00:00Z,3258
46110571 461-10571 Fangel,2025-12-31T23:00:00Z,464
46110677 461-10677 Odense,2025-12-31T23:00:00Z,187558
46110678 461-10678 Åsum,2025-12-31T23:00:00Z,544
46110685 461-10685 Fraugde,2025-12-31T23:00:00Z,2004
46110687 461-10687 Over Holluf,2025-12-31T23:00:00Z,1502
46110710 461-10710 Davinde,2025-12-31T23:00:00Z,233
46110821 461-10821 Højby,2025-12-31T23:00:00Z,0
46111750 461-11750 Bredbjerg (del af flere kommuner),2025-12-31T23:00:00Z,24
46113456 461-13456 Birkum,2025-12-31T23:00:00Z,0
46199997 461-99997 Uden fast bopæl,2025-12-31T23:00:00Z,524
46199999 461-99999 Landdistrikter,2025-12-31T23:00:00Z,5850
47900479 479-00479 Svendborg Kommune,2025-12-31T23:00:00Z,60027
47910436 479-10436 Hundstrup,2025-12-31T23:00:00Z,240
47910437 479-10437 Stenstrup,2025-12-31T23:00:00Z,1748
47910447 479-10447 Kirkeby,2025-12-31T23:00:00Z,560
47910544 479-10544 Gudbjerg,2025-12-31T23:00:00Z,466
47910545 479-10545 Gudme,2025-12-31T23:00:00Z,916
47910546 479-10546 Hesselager,2025-12-31T23:00:00Z,843
47910547 479-10547 Lundeborg,2025-12-31T23:00:00Z,424
47910548 479-10548 Oure,2025-12-31T23:00:00Z,499
47910549 479-10549 Vejstrup,2025-12-31T23:00:00Z,412
47910561 479-10561 Rantzausminde,2025-12-31T23:00:00Z,2227
47910567 479-10567 Ollerup,2025-12-31T23:00:00Z,1582
47910568 479-10568 Vester Skerninge,2025-12-31T23:00:00Z,1107
47910569 479-10569 Ulbølle,2025-12-31T23:00:00Z,572
47910630 479-10630 Svendborg,2025-12-31T23:00:00Z,27593
47910639 479-10639 Thurø By,2025-12-31T23:00:00Z,3414
47910640 479-10640 Troense,2025-12-31T23:00:00Z,1442
47910641 479-10641 Vindeby,2025-12-31T23:00:00Z,2355
47910704 479-10704 Åbyskov,2025-12-31T23:00:00Z,270
47910705 479-10705 Skårup,2025-12-31T23:00:00Z,1924
47910706 479-10706 Bregninge,2025-12-31T23:00:00Z,200
47910968 479-10968 Bjerreby,2025-12-31T23:00:00Z,341
47910969 479-10969 Lundby,2025-12-31T23:00:00Z,273
47911094 479-11094 Landet,2025-12-31T23:00:00Z,298
47912249 479-12249 Strammelse,2025-12-31T23:00:00Z,0
47999997 479-99997 Uden fast bopæl,2025-12-31T23:00:00Z,83
47999999 479-99999 Landdistrikter,2025-12-31T23:00:00Z,10238
48000480 480-00480 Nordfyns Kommune,2025-12-31T23:00:00Z,29179
48010152 480-10152 Veflinge,2025-12-31T23:00:00Z,864
48010153 480-10153 Lunde,2025-12-31T23:00:00Z,345
48010154 480-10154 Søndersø,2025-12-31T23:00:00Z,3360
48010160 480-10160 Morud,2025-12-31T23:00:00Z,1972
48010293 480-10293 Særslev,2025-12-31T23:00:00Z,788
48010294 480-10294 Kappendrup,2025-12-31T23:00:00Z,255
48010295 480-10295 Skamby,2025-12-31T23:00:00Z,427
48010409 480-10409 Bogense,2025-12-31T23:00:00Z,3944
48010411 480-10411 Hårslev,2025-12-31T23:00:00Z,346
48010415 480-10415 Klintebjerg,2025-12-31T23:00:00Z,0
48010416 480-10416 Østrup,2025-12-31T23:00:00Z,273
48010420 480-10420 Uggerslev,2025-12-31T23:00:00Z,337
48010497 480-10497 Otterup,2025-12-31T23:00:00Z,5264
48011750 480-11750 Bredbjerg (del af flere kommuner),2025-12-31T23:00:00Z,209
48016648 480-16648 Gamby,2025-12-31T23:00:00Z,0
48099997 480-99997 Uden fast bopæl,2025-12-31T23:00:00Z,48
48099999 480-99999 Landdistrikter,2025-12-31T23:00:00Z,10747
48200482 482-00482 Langeland Kommune,2025-12-31T23:00:00Z,11841
48210271 482-10271 Snøde,2025-12-31T23:00:00Z,247
48210272 482-10272 Lohals,2025-12-31T23:00:00Z,433
48210824 482-10824 Rudkøbing,2025-12-31T23:00:00Z,4449
48210825 482-10825 Tullebølle,2025-12-31T23:00:00Z,754
48210896 482-10896 Bagenkop,2025-12-31T23:00:00Z,421
48210957 482-10957 Humble,2025-12-31T23:00:00Z,562
48210958 482-10958 Lindelse,2025-12-31T23:00:00Z,301
48210967 482-10967 Tryggelev,2025-12-31T23:00:00Z,0
48211589 482-11589 Spodsbjerg,2025-12-31T23:00:00Z,0
48299997 482-99997 Uden fast bopæl,2025-12-31T23:00:00Z,15
48299999 482-99999 Landdistrikter,2025-12-31T23:00:00Z,4659
49200492 492-00492 Ærø Kommune,2025-12-31T23:00:00Z,5766
49210723 492-10723 Marstal,2025-12-31T23:00:00Z,1989
49210838 492-10838 Søby,2025-12-31T23:00:00Z,422
49210839 492-10839 Bregninge,2025-12-31T23:00:00Z,0
49210910 492-10910 Vindeballe,2025-12-31T23:00:00Z,202
49210959 492-10959 Ommel,2025-12-31T23:00:00Z,251
49210960 492-10960 Ærøskøbing,2025-12-31T23:00:00Z,917
49299997 492-99997 Uden fast bopæl,2025-12-31T23:00:00Z,7
49299999 492-99999 Landdistrikter,2025-12-31T23:00:00Z,1978
51000510 510-00510 Haderslev Kommune,2025-12-31T23:00:00Z,55218
51010078 510-10078 Nustrup,2025-12-31T23:00:00Z,540
51010346 510-10346 Mølby,2025-12-31T23:00:00Z,250
51010429 510-10429 Hejsager,2025-12-31T23:00:00Z,274
51010430 510-10430 Starup,2025-12-31T23:00:00Z,2600
51010613 510-10613 Øsby,2025-12-31T23:00:00Z,446
51010702 510-10702 Fjelstrup,2025-12-31T23:00:00Z,559
51010725 510-10725 Hoptrup,2025-12-31T23:00:00Z,615
51010731 510-10731 Årøsund,2025-12-31T23:00:00Z,294
51010775 510-10775 Over Jerstal,2025-12-31T23:00:00Z,1071
51010777 510-10777 Bevtoft,2025-12-31T23:00:00Z,734
51010778 510-10778 Kelstrup,2025-12-31T23:00:00Z,0
51010779 510-10779 Haderslev,2025-12-31T23:00:00Z,22320
51010786 510-10786 Vedsted,2025-12-31T23:00:00Z,332
51010973 510-10973 Sønder Vilstrup,2025-12-31T23:00:00Z,445
51011074 510-11074 Gram,2025-12-31T23:00:00Z,2457
51011193 510-11193 Arnum,2025-12-31T23:00:00Z,481
51011238 510-11238 Fole,2025-12-31T23:00:00Z,224
51018352 510-18352 Sommersted,2025-12-31T23:00:00Z,990
51018353 510-18353 Jegerup,2025-12-31T23:00:00Z,408
51018354 510-18354 Maugstrup,2025-12-31T23:00:00Z,0
51018355 510-18355 Vojens,2025-12-31T23:00:00Z,7387
51018356 510-18356 Hammelev,2025-12-31T23:00:00Z,1092
51018357 510-18357 Marstrup,2025-12-31T23:00:00Z,778
51018358 510-18358 Styding,2025-12-31T23:00:00Z,222
51099997 510-99997 Uden fast bopæl,2025-12-31T23:00:00Z,75
51099999 510-99999 Landdistrikter,2025-12-31T23:00:00Z,10624
53000530 530-00530 Billund Kommune,2025-12-31T23:00:00Z,27200
53010580 530-10580 Billund (del af flere kommuner),2025-12-31T23:00:00Z,7446
53010617 530-10617 Vorbasse,2025-12-31T23:00:00Z,1275
53011076 530-11076 Filskov,2025-12-31T23:00:00Z,687
53011212 530-11212 Grindsted,2025-12-31T23:00:00Z,9789
53011213 530-11213 Stenderup,2025-12-31T23:00:00Z,632
53011214 530-11214 Hejnsvig,2025-12-31T23:00:00Z,1019
53011242 530-11242 Sønder Omme,2025-12-31T23:00:00Z,1699
53099997 530-99997 Uden fast bopæl,2025-12-31T23:00:00Z,38
53099999 530-99999 Landdistrikter,2025-12-31T23:00:00Z,4615
54000540 540-00540 Sønderborg Kommune,2025-12-31T23:00:00Z,74123
54010322 540-10322 Nordborg,2025-12-31T23:00:00Z,5661
54010323 540-10323 Oksbøl,2025-12-31T23:00:00Z,368
54010324 540-10324 Stevning,2025-12-31T23:00:00Z,405
54010325 540-10325 Svenstrup,2025-12-31T23:00:00Z,592
54010523 540-10523 Asserballe,2025-12-31T23:00:00Z,247
54010524 540-10524 Fynshav,2025-12-31T23:00:00Z,793
54010837 540-10837 Lysabild,2025-12-31T23:00:00Z,519
54010911 540-10911 Skovby,2025-12-31T23:00:00Z,302
54010916 540-10916 Broager,2025-12-31T23:00:00Z,3202
54010935 540-10935 Tandslet,2025-12-31T23:00:00Z,604
54010936 540-10936 Adsbøl,2025-12-31T23:00:00Z,310
54010941 540-10941 Holm,2025-12-31T23:00:00Z,373
54010994 540-10994 Avnbøl,2025-12-31T23:00:00Z,389
54010995 540-10995 Blans,2025-12-31T23:00:00Z,487
54011015 540-11015 Augustenborg,2025-12-31T23:00:00Z,3164
54011016 540-11016 Guderup,2025-12-31T23:00:00Z,2406
54011017 540-11017 Hundslev,2025-12-31T23:00:00Z,374
54011018 540-11018 Ketting,2025-12-31T23:00:00Z,0
54011019 540-11019 Kær,2025-12-31T23:00:00Z,321
54011033 540-11033 Dybbøl,2025-12-31T23:00:00Z,2272
54011054 540-11054 Vester Sottrup,2025-12-31T23:00:00Z,1455
54011055 540-11055 Ullerup,2025-12-31T23:00:00Z,385
54011056 540-11056 Egernsund,2025-12-31T23:00:00Z,1410
54011057 540-11057 Gråsten,2025-12-31T23:00:00Z,4291
54011058 540-11058 Nybøl,2025-12-31T23:00:00Z,1159
54011061 540-11061 Kværs,2025-12-31T23:00:00Z,388
54011062 540-11062 Tørsbøl,2025-12-31T23:00:00Z,252
54011063 540-11063 Rinkenæs,2025-12-31T23:00:00Z,1279
54011064 540-11064 Skodsbøl,2025-12-31T23:00:00Z,0
54011072 540-11072 Høruphav,2025-12-31T23:00:00Z,2740
54011073 540-11073 Kirke Hørup,2025-12-31T23:00:00Z,262
54011099 540-11099 Sønderborg,2025-12-31T23:00:00Z,28564
54011100 540-11100 Skelde,2025-12-31T23:00:00Z,264
54099997 540-99997 Uden fast bopæl,2025-12-31T23:00:00Z,132
54099999 540-99999 Landdistrikter,2025-12-31T23:00:00Z,8753
55000550 550-00550 Tønder Kommune,2025-12-31T23:00:00Z,36174
55010130 550-10130 Bedsted,2025-12-31T23:00:00Z,426
55010339 550-10339 Toftlund,2025-12-31T23:00:00Z,3252
55010340 550-10340 Agerskov,2025-12-31T23:00:00Z,1159
55010341 550-10341 Branderup,2025-12-31T23:00:00Z,246
55010989 550-10989 Arrild,2025-12-31T23:00:00Z,308
55011003 550-11003 Abild,2025-12-31T23:00:00Z,505
55011098 550-11098 Visby,2025-12-31T23:00:00Z,334
55011123 550-11123 Løgumgårde,2025-12-31T23:00:00Z,0
55011124 550-11124 Løgumkloster,2025-12-31T23:00:00Z,3458
55011125 550-11125 Tønder,2025-12-31T23:00:00Z,7481
55011126 550-11126 Jejsing,2025-12-31T23:00:00Z,434
55011129 550-11129 Skærbæk,2025-12-31T23:00:00Z,3217
55011130 550-11130 Døstrup,2025-12-31T23:00:00Z,292
55011131 550-11131 Havneby,2025-12-31T23:00:00Z,250
55011151 550-11151 Bredebro,2025-12-31T23:00:00Z,1428
55011158 550-11158 Øster Højst,2025-12-31T23:00:00Z,476
55011161 550-11161 Husum-Ballum,2025-12-31T23:00:00Z,290
55011166 550-11166 Højer,2025-12-31T23:00:00Z,1034
55011167 550-11167 Møgeltønder,2025-12-31T23:00:00Z,732
55011192 550-11192 Frifelt,2025-12-31T23:00:00Z,231
55011207 550-11207 Brøns,2025-12-31T23:00:00Z,357
55011218 550-11218 Rejsby,2025-12-31T23:00:00Z,284
55017913 550-17913 Sønder Sejerslev,2025-12-31T23:00:00Z,0
55099997 550-99997 Uden fast bopæl,2025-12-31T23:00:00Z,15
55099999 550-99999 Landdistrikter,2025-12-31T23:00:00Z,9965
56100561 561-00561 Esbjerg Kommune,2025-12-31T23:00:00Z,114947
56111101 561-11101 Gredstedbro,2025-12-31T23:00:00Z,1047
56111107 561-11107 Vilslev,2025-12-31T23:00:00Z,438
56111108 561-11108 Jernved,2025-12-31T23:00:00Z,312
56111109 561-11109 Bramming,2025-12-31T23:00:00Z,7244
56111110 561-11110 Gørding,2025-12-31T23:00:00Z,1774
56111135 561-11135 Tjæreborg,2025-12-31T23:00:00Z,2959
56111141 561-11141 Grimstrup,2025-12-31T23:00:00Z,559
56111149 561-11149 Ribe,2025-12-31T23:00:00Z,8403
56111150 561-11150 Øster Vedsted,2025-12-31T23:00:00Z,810
56111175 561-11175 Store Darum,2025-12-31T23:00:00Z,941
56111194 561-11194 Egebæk,2025-12-31T23:00:00Z,1129
56111195 561-11195 Vejrup,2025-12-31T23:00:00Z,780
56111196 561-11196 Esbjerg,2025-12-31T23:00:00Z,71371
56111197 561-11197 Andrup,2025-12-31T23:00:00Z,1471
56111198 561-11198 Guldager,2025-12-31T23:00:00Z,949
56111208 561-11208 Roager,2025-12-31T23:00:00Z,317
56111209 561-11209 Vester Vedsted,2025-12-31T23:00:00Z,299
56111221 561-11221 Ravnsbjerg,2025-12-31T23:00:00Z,0
56111222 561-11222 Bryndum,2025-12-31T23:00:00Z,519
56111223 561-11223 Vester Nebel,2025-12-31T23:00:00Z,425
56111224 561-11224 Tarp,2025-12-31T23:00:00Z,1683
56111225 561-11225 Skads,2025-12-31T23:00:00Z,413
56112962 561-12962 Endrup,2025-12-31T23:00:00Z,0
56117838 561-17838 Lustrup,2025-12-31T23:00:00Z,298
56117952 561-17952 Hunderup,2025-12-31T23:00:00Z,246
56118119 561-18119 Kærbøl,2025-12-31T23:00:00Z,322
56118993 561-18993 Guldager Stationsby,2025-12-31T23:00:00Z,513
56199997 561-99997 Uden fast bopæl,2025-12-31T23:00:00Z,166
56199999 561-99999 Landdistrikter,2025-12-31T23:00:00Z,9559
56300563 563-00563 Fanø Kommune,2025-12-31T23:00:00Z,3332
56311132 563-11132 Sønderho,2025-12-31T23:00:00Z,269
56311138 563-11138 Nordby,2025-12-31T23:00:00Z,2684
56399997 563-99997 Uden fast bopæl,2025-12-31T23:00:00Z,1
56399999 563-99999 Landdistrikter,2025-12-31T23:00:00Z,378
57300573 573-00573 Varde Kommune,2025-12-31T23:00:00Z,49468
57310897 573-10897 Janderup,2025-12-31T23:00:00Z,797
57310898 573-10898 Varde,2025-12-31T23:00:00Z,14317
57310987 573-10987 Horne,2025-12-31T23:00:00Z,461
57310988 573-10988 Sig,2025-12-31T23:00:00Z,751
57311049 573-11049 Oksbøl,2025-12-31T23:00:00Z,2885
57311050 573-11050 Billum,2025-12-31T23:00:00Z,569
57311051 573-11051 Øster Vrøgum,2025-12-31T23:00:00Z,344
57311065 573-11065 Nørre Nebel,2025-12-31T23:00:00Z,1348
57311066 573-11066 Henne Stationsby,2025-12-31T23:00:00Z,0
57311111 573-11111 Ølgod,2025-12-31T23:00:00Z,3714
57311133 573-11133 Agerbæk,2025-12-31T23:00:00Z,1303
57311134 573-11134 Alslev,2025-12-31T23:00:00Z,1309
57311139 573-11139 Årre,2025-12-31T23:00:00Z,652
57311140 573-11140 Fåborg,2025-12-31T23:00:00Z,309
57311147 573-11147 Lunde,2025-12-31T23:00:00Z,413
57311162 573-11162 Nymindegab,2025-12-31T23:00:00Z,0
57311199 573-11199 Nordenskov,2025-12-31T23:00:00Z,697
57311200 573-11200 Næsbjerg,2025-12-31T23:00:00Z,795
57311201 573-11201 Tistrup,2025-12-31T23:00:00Z,1437
57311202 573-11202 Skovlund,2025-12-31T23:00:00Z,556
57311211 573-11211 Ansager,2025-12-31T23:00:00Z,1251
57311215 573-11215 Tofterup,2025-12-31T23:00:00Z,668
57317172 573-17172 Tinghøj,2025-12-31T23:00:00Z,0
57317825 573-17825 Kvong,2025-12-31T23:00:00Z,0
57318412 573-18412 Outrup,2025-12-31T23:00:00Z,1003
57370404 573-70404 Oksby,2025-12-31T23:00:00Z,294
57399997 573-99997 Uden fast bopæl,2025-12-31T23:00:00Z,68
57399999 573-99999 Landdistrikter,2025-12-31T23:00:00Z,13527
57500575 575-00575 Vejen Kommune,2025-12-31T23:00:00Z,42641
57510079 575-10079 Rødding,2025-12-31T23:00:00Z,2739
57511127 575-11127 Brørup,2025-12-31T23:00:00Z,4596
57511128 575-11128 Lintrup,2025-12-31T23:00:00Z,0
57511159 575-11159 Lindknud,2025-12-31T23:00:00Z,371
57511160 575-11160 Holsted,2025-12-31T23:00:00Z,3034
57511203 575-11203 Glejbjerg,2025-12-31T23:00:00Z,650
57511210 575-11210 Sønder Hygum,2025-12-31T23:00:00Z,411
57511216 575-11216 Hovborg,2025-12-31T23:00:00Z,382
57517738 575-17738 Foldingbro,2025-12-31T23:00:00Z,0
57517741 575-17741 Føvling,2025-12-31T23:00:00Z,0
57518314 575-18314 Askov,2025-12-31T23:00:00Z,1972
57518369 575-18369 Vejen,2025-12-31T23:00:00Z,10393
57518370 575-18370 Store Andst,2025-12-31T23:00:00Z,775
57518371 575-18371 Skodborg,2025-12-31T23:00:00Z,1233
57518382 575-18382 Gesten,2025-12-31T23:00:00Z,850
57518383 575-18383 Bække,2025-12-31T23:00:00Z,1042
57518414 575-18414 Jels,2025-12-31T23:00:00Z,1959
57518415 575-18415 Øster Lindet,2025-12-31T23:00:00Z,397
57599997 575-99997 Uden fast bopæl,2025-12-31T23:00:00Z,43
57599999 575-99999 Landdistrikter,2025-12-31T23:00:00Z,11794
58000580 580-00580 Aabenraa Kommune,2025-12-31T23:00:00Z,58405
58010049 580-10049 Varnæs,2025-12-31T23:00:00Z,408
58010138 580-10138 Hostrupskov,2025-12-31T23:00:00Z,523
58010139 580-10139 Hellevad,2025-12-31T23:00:00Z,533
58010140 580-10140 Ravsted,2025-12-31T23:00:00Z,415
58010209 580-10209 Genner,2025-12-31T23:00:00Z,721
58010210 580-10210 Rødekro,2025-12-31T23:00:00Z,6182
58010211 580-10211 Løjt Kirkeby,2025-12-31T23:00:00Z,2374
58010212 580-10212 Hjordkær,2025-12-31T23:00:00Z,1620
58010213 580-10213 Aabenraa,2025-12-31T23:00:00Z,16468
58010405 580-10405 Bylderup-Bov,2025-12-31T23:00:00Z,1277
58010418 580-10418 Tinglev,2025-12-31T23:00:00Z,2761
58010453 580-10453 Kollund,2025-12-31T23:00:00Z,989
58010454 580-10454 Kruså,2025-12-31T23:00:00Z,1528
58010455 580-10455 Padborg,2025-12-31T23:00:00Z,4263
58010724 580-10724 Hovslund Stationsby,2025-12-31T23:00:00Z,269
58010774 580-10774 Rens,2025-12-31T23:00:00Z,238
58011010 580-11010 Uge,2025-12-31T23:00:00Z,222
58011011 580-11011 Kliplev,2025-12-31T23:00:00Z,1235
58011060 580-11060 Felsted,2025-12-31T23:00:00Z,1092
58011069 580-11069 Holbøl,2025-12-31T23:00:00Z,441
58011116 580-11116 Bolderslev,2025-12-31T23:00:00Z,1132
58011117 580-11117 Bovrup,2025-12-31T23:00:00Z,459
58011118 580-11118 Stubbæk,2025-12-31T23:00:00Z,1180
58011165 580-11165 Bjerndrup,2025-12-31T23:00:00Z,0
58011663 580-11663 Kollund Østerskov,2025-12-31T23:00:00Z,268
58018257 580-18257 Søgård,2025-12-31T23:00:00Z,299
58018263 580-18263 Fårhus,2025-12-31T23:00:00Z,228
58099997 580-99997 Uden fast bopæl,2025-12-31T23:00:00Z,44
58099999 580-99999 Landdistrikter,2025-12-31T23:00:00Z,11236
60700607 607-00607 Fredericia Kommune,2025-12-31T23:00:00Z,52939
60710108 607-10108 Fredericia,2025-12-31T23:00:00Z,41761
60710607 607-10607 Pjedsted,2025-12-31T23:00:00Z,601
60710608 607-10608 Taulov,2025-12-31T23:00:00Z,3593
60710610 607-10610 Bredstrup,2025-12-31T23:00:00Z,427
60710611 607-10611 Skærbæk,2025-12-31T23:00:00Z,2645
60710669 607-10669 Snoghøj,2025-12-31T23:00:00Z,0
60710780 607-10780 Herslev,2025-12-31T23:00:00Z,346
60710828 607-10828 Østerby,2025-12-31T23:00:00Z,0
60710844 607-10844 Bøgeskov,2025-12-31T23:00:00Z,290
60710845 607-10845 Egeskov,2025-12-31T23:00:00Z,649
60710846 607-10846 Trelde,2025-12-31T23:00:00Z,0
60718773 607-18773 Trelde-Østerby,2025-12-31T23:00:00Z,637
60799997 607-99997 Uden fast bopæl,2025-12-31T23:00:00Z,132
60799999 607-99999 Landdistrikter,2025-12-31T23:00:00Z,1858
61500615 615-00615 Horsens Kommune,2025-12-31T23:00:00Z,98806
61510166 615-10166 Grumstrup,2025-12-31T23:00:00Z,230
61510169 615-10169 Hovedgård,2025-12-31T23:00:00Z,2335
61510174 615-10174 Haldrup,2025-12-31T23:00:00Z,325
61510175 615-10175 Søvind,2025-12-31T23:00:00Z,1114
61510344 615-10344 Sønder Vissing,2025-12-31T23:00:00Z,429
61510939 615-10939 Tvingstrup,2025-12-31T23:00:00Z,541
61510955 615-10955 Sejet,2025-12-31T23:00:00Z,426
61514377 615-14377 Træden,2025-12-31T23:00:00Z,0
61514719 615-14719 Grædstrup,2025-12-31T23:00:00Z,204
61514784 615-14784 Vestbirk,2025-12-31T23:00:00Z,0
61514786 615-14786 Yding,2025-12-31T23:00:00Z,213
61516565 615-16565 Voervadsbro,2025-12-31T23:00:00Z,205
61518268 615-18268 Nim,2025-12-31T23:00:00Z,758
61518287 615-18287 Egebjerg,2025-12-31T23:00:00Z,3263
61518288 615-18288 Hatting,2025-12-31T23:00:00Z,2132
61518289 615-18289 Horsens,2025-12-31T23:00:00Z,65037
61518291 615-18291 Brædstrup,2025-12-31T23:00:00Z,3917
61518304 615-18304 Gedved,2025-12-31T23:00:00Z,2475
61518305 615-18305 Lund,2025-12-31T23:00:00Z,3317
61518310 615-18310 Østbirk,2025-12-31T23:00:00Z,2652
61599997 615-99997 Uden fast bopæl,2025-12-31T23:00:00Z,127
61599999 615-99999 Landdistrikter,2025-12-31T23:00:00Z,9106
62100621 621-00621 Kolding Kommune,2025-12-31T23:00:00Z,96214
62110064 621-10064 Kolding,2025-12-31T23:00:00Z,63664
62110200 621-10200 Stepping,2025-12-31T23:00:00Z,351
62110596 621-10596 Vester Nebel,2025-12-31T23:00:00Z,1984
62110609 621-10609 Viuf,2025-12-31T23:00:00Z,575
62110694 621-10694 Hejls,2025-12-31T23:00:00Z,396
62110776 621-10776 Christiansfeld,2025-12-31T23:00:00Z,3105
62110787 621-10787 Taps,2025-12-31T23:00:00Z,324
62110811 621-10811 Sønder Bjert,2025-12-31T23:00:00Z,2324
62110812 621-10812 Sønder Stenderup,2025-12-31T23:00:00Z,528
62110813 621-10813 Almind,2025-12-31T23:00:00Z,1778
62111075 621-11075 Sjølund,2025-12-31T23:00:00Z,505
62111153 621-11153 Ødis,2025-12-31T23:00:00Z,481
62112483 621-12483 Eltang,2025-12-31T23:00:00Z,223
62112520 621-12520 Harte,2025-12-31T23:00:00Z,0
62118322 621-18322 Jordrup,2025-12-31T23:00:00Z,502
62118323 621-18323 Lunderskov,2025-12-31T23:00:00Z,2963
62118331 621-18331 Vamdrup,2025-12-31T23:00:00Z,4943
62118332 621-18332 Hjarup,2025-12-31T23:00:00Z,380
62118333 621-18333 Skanderup,2025-12-31T23:00:00Z,418
62118346 621-18346 Ødis-Bramdrup,2025-12-31T23:00:00Z,0
62199997 621-99997 Uden fast bopæl,2025-12-31T23:00:00Z,175
62199999 621-99999 Landdistrikter,2025-12-31T23:00:00Z,10595
63000630 630-00630 Vejle Kommune,2025-12-31T23:00:00Z,123250
63010009 630-10009 Grejs,2025-12-31T23:00:00Z,1500
63010031 630-10031 Bredal,2025-12-31T23:00:00Z,614
63010043 630-10043 Ny Højen,2025-12-31T23:00:00Z,749
63010044 630-10044 Skærup,2025-12-31T23:00:00Z,689
63010045 630-10045 Brejning,2025-12-31T23:00:00Z,3149
63010046 630-10046 Børkop,2025-12-31T23:00:00Z,6361
63010087 630-10087 Vejle,2025-12-31T23:00:00Z,62153
63010091 630-10091 Gårslev,2025-12-31T23:00:00Z,1355
63010105 630-10105 Ågård,2025-12-31T23:00:00Z,1358
63010400 630-10400 Vandel,2025-12-31T23:00:00Z,741
63010580 630-10580 Billund (del af flere kommuner),2025-12-31T23:00:00Z,0
63010814 630-10814 Andkær,2025-12-31T23:00:00Z,371
63011044 630-11044 Farre,2025-12-31T23:00:00Z,343
63015179 630-15179 Nørup,2025-12-31T23:00:00Z,247
63016694 630-16694 Gauerslund,2025-12-31T23:00:00Z,259
63018269 630-18269 Give,2025-12-31T23:00:00Z,5215
63018270 630-18270 Thyregod,2025-12-31T23:00:00Z,1352
63018272 630-18272 Grønbjerg,2025-12-31T23:00:00Z,0
63018275 630-18275 Jerlev,2025-12-31T23:00:00Z,852
63018276 630-18276 Nørre Vilstrup,2025-12-31T23:00:00Z,355
63018277 630-18277 Egtved,2025-12-31T23:00:00Z,2408
63018278 630-18278 Givskud,2025-12-31T23:00:00Z,623
63018279 630-18279 Kollemorten,2025-12-31T23:00:00Z,373
63018280 630-18280 Vonge,2025-12-31T23:00:00Z,580
63018286 630-18286 Ødsted,2025-12-31T23:00:00Z,1533
63018328 630-18328 Ny Nørup,2025-12-31T23:00:00Z,512
63018329 630-18329 Skibet,2025-12-31T23:00:00Z,2609
63018330 630-18330 Gadbjerg,2025-12-31T23:00:00Z,791
63018341 630-18341 Jelling,2025-12-31T23:00:00Z,4038
63018345 630-18345 Østengård,2025-12-31T23:00:00Z,0
63018401 630-18401 Randbøldal,2025-12-31T23:00:00Z,324
63018402 630-18402 Bredsten,2025-12-31T23:00:00Z,1881
63018416 630-18416 Smidstrup,2025-12-31T23:00:00Z,849
63070319 630-70319 Høl,2025-12-31T23:00:00Z,366
63070322 630-70322 Hvidbjerg,2025-12-31T23:00:00Z,0
63099997 630-99997 Uden fast bopæl,2025-12-31T23:00:00Z,168
63099999 630-99999 Landdistrikter,2025-12-31T23:00:00Z,18532
65700657 657-00657 Herning Kommune,2025-12-31T23:00:00Z,90546
65710403 657-10403 Fasterholt,2025-12-31T23:00:00Z,325
65710581 657-10581 Aulum,2025-12-31T23:00:00Z,3232
65710770 657-10770 Ilskov,2025-12-31T23:00:00Z,705
65711002 657-11002 Simmelkær,2025-12-31T23:00:00Z,253
65711006 657-11006 Skibbild,2025-12-31T23:00:00Z,718
65711007 657-11007 Herning,2025-12-31T23:00:00Z,52264
65711012 657-11012 Vind,2025-12-31T23:00:00Z,0
65711026 657-11026 Gullestrup,2025-12-31T23:00:00Z,1914
65711030 657-11030 Timring,2025-12-31T23:00:00Z,668
65711070 657-11070 Studsgård,2025-12-31T23:00:00Z,450
65711077 657-11077 Sunds,2025-12-31T23:00:00Z,4335
65711143 657-11143 Feldborg,2025-12-31T23:00:00Z,511
65711144 657-11144 Haderup,2025-12-31T23:00:00Z,634
65711146 657-11146 Hodsager,2025-12-31T23:00:00Z,421
65711148 657-11148 Sørvad,2025-12-31T23:00:00Z,1104
65711168 657-11168 Kibæk,2025-12-31T23:00:00Z,2640
65711169 657-11169 Arnborg,2025-12-31T23:00:00Z,635
65711170 657-11170 Høgild,2025-12-31T23:00:00Z,274
65711179 657-11179 Ørnhøj,2025-12-31T23:00:00Z,758
65711226 657-11226 Sønder Felding,2025-12-31T23:00:00Z,1385
65711239 657-11239 Vildbjerg,2025-12-31T23:00:00Z,4169
65711240 657-11240 Skarrild,2025-12-31T23:00:00Z,291
65711241 657-11241 Stakroge,2025-12-31T23:00:00Z,216
65712964 657-12964 Havnstrup,2025-12-31T23:00:00Z,0
65714334 657-14334 Nørre Kollund,2025-12-31T23:00:00Z,0
65717878 657-17878 Sinding,2025-12-31T23:00:00Z,262
65718252 657-18252 Kølkær,2025-12-31T23:00:00Z,530
65718989 657-18989 Lind,2025-12-31T23:00:00Z,0
65799997 657-99997 Uden fast bopæl,2025-12-31T23:00:00Z,123
65799999 657-99999 Landdistrikter,2025-12-31T23:00:00Z,11729
66100661 661-00661 Holstebro Kommune,2025-12-31T23:00:00Z,59324
66110909 661-10909 Borbjerg,2025-12-31T23:00:00Z,472
66110912 661-10912 Nørre Felding,2025-12-31T23:00:00Z,735
66110913 661-10913 Tvis,2025-12-31T23:00:00Z,1380
66110914 661-10914 Ulfborg,2025-12-31T23:00:00Z,2032
66110915 661-10915 Vemb,2025-12-31T23:00:00Z,1224
66111013 661-11013 Holstebro,2025-12-31T23:00:00Z,37533
66111014 661-11014 Mejrup Kirkeby,2025-12-31T23:00:00Z,0
66111021 661-11021 Mogenstrup,2025-12-31T23:00:00Z,0
66111022 661-11022 Sevel,2025-12-31T23:00:00Z,498
66111031 661-11031 Sønder Nissum,2025-12-31T23:00:00Z,0
66111071 661-11071 Staby,2025-12-31T23:00:00Z,0
66111089 661-11089 Thorsminde,2025-12-31T23:00:00Z,260
66111105 661-11105 Bur,2025-12-31T23:00:00Z,214
66111106 661-11106 Idom,2025-12-31T23:00:00Z,405
66111142 661-11142 Skave,2025-12-31T23:00:00Z,497
66111145 661-11145 Herrup,2025-12-31T23:00:00Z,264
66111176 661-11176 Handbjerg (del af flere kommuner),2025-12-31T23:00:00Z,207
66111205 661-11205 Hvam Mejeriby,2025-12-31T23:00:00Z,236
66111206 661-11206 Krunderup,2025-12-31T23:00:00Z,419
66111229 661-11229 Vinderup,2025-12-31T23:00:00Z,3103
66111233 661-11233 Ejsing,2025-12-31T23:00:00Z,298
66111235 661-11235 Ryde,2025-12-31T23:00:00Z,0
66117228 661-17228 Alstrup,2025-12-31T23:00:00Z,223
66199997 661-99997 Uden fast bopæl,2025-12-31T23:00:00Z,83
66199999 661-99999 Landdistrikter,2025-12-31T23:00:00Z,9241
66500665 665-00665 Lemvig Kommune,2025-12-31T23:00:00Z,18596
66510806 665-10806 Nørre Nissum,2025-12-31T23:00:00Z,990
66511032 665-11032 Lemvig,2025-12-31T23:00:00Z,6750
66511052 665-11052 Harboøre,2025-12-31T23:00:00Z,1314
66511068 665-11068 Klinkby,2025-12-31T23:00:00Z,426
66511082 665-11082 Bonnet,2025-12-31T23:00:00Z,0
66511087 665-11087 Thyborøn,2025-12-31T23:00:00Z,1719
66511103 665-11103 Lomborg,2025-12-31T23:00:00Z,313
66511104 665-11104 Bøvlingbjerg,2025-12-31T23:00:00Z,458
66511119 665-11119 Bækmarksbro,2025-12-31T23:00:00Z,500
66511250 665-11250 Gudum,2025-12-31T23:00:00Z,203
66511253 665-11253 Ramme,2025-12-31T23:00:00Z,359
66599997 665-99997 Uden fast bopæl,2025-12-31T23:00:00Z,20
66599999 665-99999 Landdistrikter,2025-12-31T23:00:00Z,5544
67100671 671-00671 Struer Kommune,2025-12-31T23:00:00Z,20122
67111023 671-11023 Struer,2025-12-31T23:00:00Z,9840
67111024 671-11024 Hjerm,2025-12-31T23:00:00Z,1107
67111034 671-11034 Jegind,2025-12-31T23:00:00Z,0
67111035 671-11035 Hvidbjerg,2025-12-31T23:00:00Z,1067
67111115 671-11115 Uglev,2025-12-31T23:00:00Z,200
67111176 671-11176 Handbjerg (del af flere kommuner),2025-12-31T23:00:00Z,2
67111184 671-11184 Humlum,2025-12-31T23:00:00Z,785
67111204 671-11204 Resenstad,2025-12-31T23:00:00Z,274
67111228 671-11228 Bremdal,2025-12-31T23:00:00Z,1629
67111251 671-11251 Asp,2025-12-31T23:00:00Z,337
67111252 671-11252 Linde,2025-12-31T23:00:00Z,368
67117174 671-17174 Vejrumstad,2025-12-31T23:00:00Z,200
67199997 671-99997 Uden fast bopæl,2025-12-31T23:00:00Z,22
67199999 671-99999 Landdistrikter,2025-12-31T23:00:00Z,4291
70600706 706-00706 Syddjurs Kommune,2025-12-31T23:00:00Z,44394
70610080 706-10080 Mørke,2025-12-31T23:00:00Z,1738
70610298 706-10298 Ebeltoft,2025-12-31T23:00:00Z,7437
70610591 706-10591 Tirstrup,2025-12-31T23:00:00Z,425
70610592 706-10592 Egsmark,2025-12-31T23:00:00Z,0
70610593 706-10593 Dråby,2025-12-31T23:00:00Z,0
70610628 706-10628 Balle (del af flere kommuner),2025-12-31T23:00:00Z,458
70610642 706-10642 Vrinners,2025-12-31T23:00:00Z,405
70610643 706-10643 Pindstrup,2025-12-31T23:00:00Z,730
70610644 706-10644 Ryomgård,2025-12-31T23:00:00Z,2779
70610645 706-10645 Kolind,2025-12-31T23:00:00Z,1923
70610646 706-10646 Nimtofte,2025-12-31T23:00:00Z,572
70610654 706-10654 Følle,2025-12-31T23:00:00Z,0
70610655 706-10655 Rønde,2025-12-31T23:00:00Z,3329
70610656 706-10656 Ugelbølle,2025-12-31T23:00:00Z,1542
70610657 706-10657 Feldballe,2025-12-31T23:00:00Z,467
70611079 706-11079 Knebel,2025-12-31T23:00:00Z,667
70612644 706-12644 Grønfeld,2025-12-31T23:00:00Z,200
70612693 706-12693 Hyllested,2025-12-31T23:00:00Z,0
70615726 706-15726 Tved,2025-12-31T23:00:00Z,225
70615916 706-15916 Rodskov,2025-12-31T23:00:00Z,501
70618337 706-18337 Thorsager,2025-12-31T23:00:00Z,1400
70618340 706-18340 Hornslet,2025-12-31T23:00:00Z,6446
70618375 706-18375 Lime,2025-12-31T23:00:00Z,371
70618376 706-18376 Søby,2025-12-31T23:00:00Z,227
70670262 706-70262 Følle Strand,2025-12-31T23:00:00Z,213
70670587 706-70587 Egsmark,2025-12-31T23:00:00Z,205
70699997 706-99997 Uden fast bopæl,2025-12-31T23:00:00Z,85
70699999 706-99999 Landdistrikter,2025-12-31T23:00:00Z,12049
70700707 707-00707 Norddjurs Kommune,2025-12-31T23:00:00Z,36477
70710060 707-10060 Auning,2025-12-31T23:00:00Z,3383
70710068 707-10068 Fjellerup,2025-12-31T23:00:00Z,378
70710069 707-10069 Gjesing,2025-12-31T23:00:00Z,289
70710070 707-10070 Nørager,2025-12-31T23:00:00Z,324
70710071 707-10071 Vivild,2025-12-31T23:00:00Z,767
70710082 707-10082 Bønnerup Strand,2025-12-31T23:00:00Z,648
70710161 707-10161 Ramten,2025-12-31T23:00:00Z,230
70710162 707-10162 Stenvad,2025-12-31T23:00:00Z,256
70710361 707-10361 Grenaa,2025-12-31T23:00:00Z,13978
70710362 707-10362 Ålsrode,2025-12-31T23:00:00Z,0
70710389 707-10389 Voldby,2025-12-31T23:00:00Z,354
70710457 707-10457 Holbæk,2025-12-31T23:00:00Z,214
70710459 707-10459 Ørsted,2025-12-31T23:00:00Z,1312
70710462 707-10462 Allingåbro,2025-12-31T23:00:00Z,1819
70710590 707-10590 Trustrup,2025-12-31T23:00:00Z,785
70710628 707-10628 Balle (del af flere kommuner),2025-12-31T23:00:00Z,39
70710629 707-10629 Lyngby,2025-12-31T23:00:00Z,299
70711093 707-11093 Gjerrild,2025-12-31T23:00:00Z,425
70718374 707-18374 Øster Alling,2025-12-31T23:00:00Z,286
70718405 707-18405 Ørum,2025-12-31T23:00:00Z,681
70718406 707-18406 Glesborg,2025-12-31T23:00:00Z,601
70770017 707-70017 Fjellerup Strand,2025-12-31T23:00:00Z,0
70799997 707-99997 Uden fast bopæl,2025-12-31T23:00:00Z,31
70799999 707-99999 Landdistrikter,2025-12-31T23:00:00Z,9378
71000710 710-00710 Favrskov Kommune,2025-12-31T23:00:00Z,49773
71010117 710-10117 Hinnerup,2025-12-31T23:00:00Z,8628
71010118 710-10118 Lading,2025-12-31T23:00:00Z,890
71010119 710-10119 Grundfør,2025-12-31T23:00:00Z,397
71010120 710-10120 Søften,2025-12-31T23:00:00Z,3169
71010121 710-10121 Nørre Galten,2025-12-31T23:00:00Z,203
71010468 710-10468 Skjød,2025-12-31T23:00:00Z,233
71010469 710-10469 Selling,2025-12-31T23:00:00Z,656
71010470 710-10470 Ødum,2025-12-31T23:00:00Z,350
71010471 710-10471 Folby,2025-12-31T23:00:00Z,1192
71010631 710-10631 Vissing,2025-12-31T23:00:00Z,208
71010633 710-10633 Hadsten,2025-12-31T23:00:00Z,8551
71010634 710-10634 Hadbjerg,2025-12-31T23:00:00Z,714
71010755 710-10755 Aidt,2025-12-31T23:00:00Z,256
71010756 710-10756 Hvorslev,2025-12-31T23:00:00Z,209
71010758 710-10758 Ulstrup,2025-12-31T23:00:00Z,1908
71010759 710-10759 Vellev,2025-12-31T23:00:00Z,0
71010760 710-10760 Houlbjerg,2025-12-31T23:00:00Z,200
71010794 710-10794 Hammel,2025-12-31T23:00:00Z,7373
71010795 710-10795 Sall,2025-12-31T23:00:00Z,208
71010796 710-10796 Voldby,2025-12-31T23:00:00Z,447
71010818 710-10818 Thorsø,2025-12-31T23:00:00Z,1753
71010951 710-10951 Farre,2025-12-31T23:00:00Z,294
71011095 710-11095 Laurbjerg,2025-12-31T23:00:00Z,950
71012972 710-12972 Vitten,2025-12-31T23:00:00Z,229
71014909 710-14909 Norring,2025-12-31T23:00:00Z,327
71015166 710-15166 Lyngå,2025-12-31T23:00:00Z,0
71017101 710-17101 Svenstrup,2025-12-31T23:00:00Z,264
71018373 710-18373 Voldum,2025-12-31T23:00:00Z,932
71099997 710-99997 Uden fast bopæl,2025-12-31T23:00:00Z,59
71099999 710-99999 Landdistrikter,2025-12-31T23:00:00Z,9173
72700727 727-00727 Odder Kommune,2025-12-31T23:00:00Z,24310
72710101 727-10101 Hov,2025-12-31T23:00:00Z,1778
72710102 727-10102 Odder,2025-12-31T23:00:00Z,13644
72710103 727-10103 Hundslund,2025-12-31T23:00:00Z,535
72710104 727-10104 Ørting,2025-12-31T23:00:00Z,654
72710168 727-10168 Torrild,2025-12-31T23:00:00Z,214
72710173 727-10173 Gylling,2025-12-31T23:00:00Z,640
72710243 727-10243 Saksild,2025-12-31T23:00:00Z,910
72714904 727-14904 Bovlstrup,2025-12-31T23:00:00Z,287
72716471 727-16471 Neder Randlev,2025-12-31T23:00:00Z,201
72770325 727-70325 Kysing Næs,2025-12-31T23:00:00Z,0
72799997 727-99997 Uden fast bopæl,2025-12-31T23:00:00Z,37
72799999 727-99999 Landdistrikter,2025-12-31T23:00:00Z,5410
73000730 730-00730 Randers Kommune,2025-12-31T23:00:00Z,100564
73010081 730-10081 Haslund,2025-12-31T23:00:00Z,811
73010354 730-10354 Udbyhøj Vasehuse,2025-12-31T23:00:00Z,0
73010456 730-10456 Tvede,2025-12-31T23:00:00Z,0
73010458 730-10458 Støvring,2025-12-31T23:00:00Z,0
73010460 730-10460 Albæk,2025-12-31T23:00:00Z,256
73010461 730-10461 Uggelhuse,2025-12-31T23:00:00Z,411
73010498 730-10498 Råsted,2025-12-31T23:00:00Z,313
73010499 730-10499 Gimming,2025-12-31T23:00:00Z,245
73010500 730-10500 Harridslev,2025-12-31T23:00:00Z,1294
73010501 730-10501 Mejlby,2025-12-31T23:00:00Z,603
73010502 730-10502 Over Hornbæk,2025-12-31T23:00:00Z,0
73010503 730-10503 Paderup,2025-12-31T23:00:00Z,0
73010627 730-10627 Havndal,2025-12-31T23:00:00Z,798
73010632 730-10632 Værum,2025-12-31T23:00:00Z,295
73010635 730-10635 Assentoft,2025-12-31T23:00:00Z,3985
73010636 730-10636 Mellerup,2025-12-31T23:00:00Z,496
73010637 730-10637 Øster Tørslev,2025-12-31T23:00:00Z,842
73010658 730-10658 Enslev,2025-12-31T23:00:00Z,0
73010659 730-10659 Gjerlev,2025-12-31T23:00:00Z,640
73010660 730-10660 Asferg,2025-12-31T23:00:00Z,653
73010661 730-10661 Spentrup,2025-12-31T23:00:00Z,2360
73010662 730-10662 Hald,2025-12-31T23:00:00Z,332
73010663 730-10663 Linde,2025-12-31T23:00:00Z,205
73010691 730-10691 Randers,2025-12-31T23:00:00Z,64764
73010692 730-10692 Stevnstrup,2025-12-31T23:00:00Z,2689
73010695 730-10695 Gassum,2025-12-31T23:00:00Z,386
73010757 730-10757 Langå,2025-12-31T23:00:00Z,2901
73010919 730-10919 Fårup,2025-12-31T23:00:00Z,1028
73010922 730-10922 Øster Bjerregrav,2025-12-31T23:00:00Z,1013
73010923 730-10923 Sønderbæk,2025-12-31T23:00:00Z,0
73010940 730-10940 Helstrup,2025-12-31T23:00:00Z,0
73010982 730-10982 Ålum,2025-12-31T23:00:00Z,275
73011080 730-11080 Dalbyover,2025-12-31T23:00:00Z,234
73011081 730-11081 Tånum,2025-12-31T23:00:00Z,228
73011893 730-11893 Lem,2025-12-31T23:00:00Z,207
73012591 730-12591 Munkdrup,2025-12-31T23:00:00Z,377
73018372 730-18372 Hørning,2025-12-31T23:00:00Z,298
73099997 730-99997 Uden fast bopæl,2025-12-31T23:00:00Z,169
73099999 730-99999 Landdistrikter,2025-12-31T23:00:00Z,11456
74000740 740-00740 Silkeborg Kommune,2025-12-31T23:00:00Z,102753
74010347 740-10347 Voel,2025-12-31T23:00:00Z,1995
74010368 740-10368 Bryrup,2025-12-31T23:00:00Z,1651
74010374 740-10374 Linå,2025-12-31T23:00:00Z,544
74010375 740-10375 Laven (del af flere kommuner),2025-12-31T23:00:00Z,372
74010378 740-10378 Sorring,2025-12-31T23:00:00Z,1183
74010393 740-10393 Salten,2025-12-31T23:00:00Z,720
74010394 740-10394 Them,2025-12-31T23:00:00Z,2477
74010402 740-10402 Sinding,2025-12-31T23:00:00Z,335
74010606 740-10606 Gjessø,2025-12-31T23:00:00Z,870
74010614 740-10614 Virklund,2025-12-31T23:00:00Z,3932
74010615 740-10615 Svejbæk,2025-12-31T23:00:00Z,0
74010667 740-10667 Silkeborg,2025-12-31T23:00:00Z,53058
74010727 740-10727 Demstrup,2025-12-31T23:00:00Z,260
74010728 740-10728 Neder Hvam,2025-12-31T23:00:00Z,278
74010729 740-10729 Sjørslev,2025-12-31T23:00:00Z,369
74010737 740-10737 Lemming,2025-12-31T23:00:00Z,298
74010738 740-10738 Serup,2025-12-31T23:00:00Z,0
74010766 740-10766 Nørre Knudstrup,2025-12-31T23:00:00Z,210
74010767 740-10767 Vinderslev,2025-12-31T23:00:00Z,434
74010797 740-10797 Ans,2025-12-31T23:00:00Z,1927
74010819 740-10819 Fårvang,2025-12-31T23:00:00Z,1428
74010820 740-10820 Gjern,2025-12-31T23:00:00Z,1553
74010834 740-10834 Grauballe,2025-12-31T23:00:00Z,978
74010952 740-10952 Sejling,2025-12-31T23:00:00Z,583
74010971 740-10971 Kjellerup,2025-12-31T23:00:00Z,5295
74010972 740-10972 Thorning,2025-12-31T23:00:00Z,1013
74011096 740-11096 Skægkær,2025-12-31T23:00:00Z,458
74012721 740-12721 Øster Bording,2025-12-31T23:00:00Z,220
74013150 740-13150 Nørskovlund,2025-12-31T23:00:00Z,0
74014332 740-14332 Vrads,2025-12-31T23:00:00Z,0
74018254 740-18254 Funder Kirkeby,2025-12-31T23:00:00Z,618
74018255 740-18255 Kragelund,2025-12-31T23:00:00Z,792
74018293 740-18293 Levring,2025-12-31T23:00:00Z,0
74018958 740-18958 Sejs-Svejbæk,2025-12-31T23:00:00Z,4727
74018988 740-18988 Resenbro,2025-12-31T23:00:00Z,0
74099997 740-99997 Uden fast bopæl,2025-12-31T23:00:00Z,163
74099999 740-99999 Landdistrikter,2025-12-31T23:00:00Z,14012
74100741 741-00741 Samsø Kommune,2025-12-31T23:00:00Z,3617
74110098 741-10098 Onsbjerg,2025-12-31T23:00:00Z,224
74110099 741-10099 Tranebjerg,2025-12-31T23:00:00Z,832
74110100 741-10100 Nordby,2025-12-31T23:00:00Z,204
74110953 741-10953 Brundby,2025-12-31T23:00:00Z,0
74199997 741-99997 Uden fast bopæl,2025-12-31T23:00:00Z,6
74199999 741-99999 Landdistrikter,2025-12-31T23:00:00Z,2351
74600746 746-00746 Skanderborg Kommune,2025-12-31T23:00:00Z,66352
74610019 746-10019 Sjelle,2025-12-31T23:00:00Z,323
74610020 746-10020 Skovby,2025-12-31T23:00:00Z,0
74610167 746-10167 Hylke,2025-12-31T23:00:00Z,433
74610348 746-10348 Gammel Rye,2025-12-31T23:00:00Z,1568
74610375 746-10375 Laven (del af flere kommuner),2025-12-31T23:00:00Z,10
74610376 746-10376 Galten,2025-12-31T23:00:00Z,9442
74610377 746-10377 Låsby,2025-12-31T23:00:00Z,2059
74610434 746-10434 Nørre Vissing,2025-12-31T23:00:00Z,206
74610435 746-10435 Ry,2025-12-31T23:00:00Z,7750
74610483 746-10483 Voerladegård,2025-12-31T23:00:00Z,594
74610588 746-10588 Skjørring,2025-12-31T23:00:00Z,258
74610730 746-10730 Hørning,2025-12-31T23:00:00Z,8572
74611097 746-11097 Skanderborg,2025-12-31T23:00:00Z,20370
74611751 746-11751 Hårby,2025-12-31T23:00:00Z,253
74611766 746-11766 Tulstrup,2025-12-31T23:00:00Z,0
74611770 746-11770 Alken,2025-12-31T23:00:00Z,333
74612963 746-12963 Fruering,2025-12-31T23:00:00Z,425
74614808 746-14808 Blegind,2025-12-31T23:00:00Z,235
74615423 746-15423 Javngyde,2025-12-31T23:00:00Z,0
74615894 746-15894 Mesing,2025-12-31T23:00:00Z,211
74618303 746-18303 Tebstrup,2025-12-31T23:00:00Z,667
74618313 746-18313 Virring,2025-12-31T23:00:00Z,1200
74618321 746-18321 Herskind,2025-12-31T23:00:00Z,904
74618343 746-18343 Stilling,2025-12-31T23:00:00Z,0
74618385 746-18385 Stjær,2025-12-31T23:00:00Z,1054
74618386 746-18386 Storring,2025-12-31T23:00:00Z,262
74699997 746-99997 Uden fast bopæl,2025-12-31T23:00:00Z,37
74699999 746-99999 Landdistrikter,2025-12-31T23:00:00Z,9186
75100751 751-00751 Aarhus Kommune,2025-12-31T23:00:00Z,378361
75110017 751-10017 Mundelstrup,2025-12-31T23:00:00Z,418
75110018 751-10018 Sabro,2025-12-31T23:00:00Z,3562
75110059 751-10059 Stavtrup,2025-12-31T23:00:00Z,0
75110141 751-10141 Beder,2025-12-31T23:00:00Z,0
75110156 751-10156 Mårslet,2025-12-31T23:00:00Z,5176
75110218 751-10218 Malling,2025-12-31T23:00:00Z,0
75110286 751-10286 Tranbjerg,2025-12-31T23:00:00Z,0
75110464 751-10464 Hjortshøj,2025-12-31T23:00:00Z,3579
75110465 751-10465 Lystrup,2025-12-31T23:00:00Z,10116
75110466 751-10466 Løgten,2025-12-31T23:00:00Z,8623
75110467 751-10467 Studstrup,2025-12-31T23:00:00Z,816
75110858 751-10858 Solbjerg,2025-12-31T23:00:00Z,4832
75111045 751-11045 Aarhus,2025-12-31T23:00:00Z,305227
75111688 751-11688 Todbjerg,2025-12-31T23:00:00Z,0
75113511 751-13511 Jegstrup,2025-12-31T23:00:00Z,0
75118319 751-18319 Borum,2025-12-31T23:00:00Z,311
75118338 751-18338 Spørring,2025-12-31T23:00:00Z,1225
75118339 751-18339 Trige,2025-12-31T23:00:00Z,3476
75118384 751-18384 Ormslev,2025-12-31T23:00:00Z,379
75118397 751-18397 Mejlby,2025-12-31T23:00:00Z,386
75118398 751-18398 Elev,2025-12-31T23:00:00Z,1972
75118399 751-18399 Hårup,2025-12-31T23:00:00Z,989
75118400 751-18400 Lisbjerg,2025-12-31T23:00:00Z,2102
75118418 751-18418 Harlev,2025-12-31T23:00:00Z,4112
75118860 751-18860 Beder-Malling,2025-12-31T23:00:00Z,9492
75199997 751-99997 Uden fast bopæl,2025-12-31T23:00:00Z,1401
75199999 751-99999 Landdistrikter,2025-12-31T23:00:00Z,10167
75600756 756-00756 Ikast-Brande Kommune,2025-12-31T23:00:00Z,43305
75614372 756-14372 Uhre,2025-12-31T23:00:00Z,277
75618251 756-18251 Isenvad,2025-12-31T23:00:00Z,683
75618253 756-18253 Engesvang,2025-12-31T23:00:00Z,2205
75618256 756-18256 Pårup,2025-12-31T23:00:00Z,235
75618258 756-18258 Gludsted,2025-12-31T23:00:00Z,313
75618260 756-18260 Ikast,2025-12-31T23:00:00Z,16999
75618261 756-18261 Tulstrup,2025-12-31T23:00:00Z,608
75618262 756-18262 Bording,2025-12-31T23:00:00Z,2455
75618264 756-18264 Hampen,2025-12-31T23:00:00Z,343
75618267 756-18267 Klovborg,2025-12-31T23:00:00Z,503
75618271 756-18271 Ejstrupholm,2025-12-31T23:00:00Z,1732
75618273 756-18273 Brande,2025-12-31T23:00:00Z,7289
75618274 756-18274 Nørre Snede,2025-12-31T23:00:00Z,1928
75618281 756-18281 Blåhøj,2025-12-31T23:00:00Z,354
75699997 756-99997 Uden fast bopæl,2025-12-31T23:00:00Z,199
75699999 756-99999 Landdistrikter,2025-12-31T23:00:00Z,7182
76000760 760-00760 Ringkøbing-Skjern Kommune,2025-12-31T23:00:00Z,55405
76010990 760-10990 Bølling,2025-12-31T23:00:00Z,0
76010991 760-10991 Skjern,2025-12-31T23:00:00Z,7775
76010992 760-10992 Lønborg,2025-12-31T23:00:00Z,244
76011004 760-11004 Hvide Sande,2025-12-31T23:00:00Z,2762
76011020 760-11020 Hemmet,2025-12-31T23:00:00Z,285
76011027 760-11027 Fjelstervang,2025-12-31T23:00:00Z,441
76011028 760-11028 Grønbjerg,2025-12-31T23:00:00Z,369
76011029 760-11029 Spjald,2025-12-31T23:00:00Z,1327
76011067 760-11067 Lyne,2025-12-31T23:00:00Z,231
76011102 760-11102 Tarm,2025-12-31T23:00:00Z,4113
76011136 760-11136 Højmark,2025-12-31T23:00:00Z,284
76011137 760-11137 Lem,2025-12-31T23:00:00Z,1379
76011163 760-11163 Nørre Bork,2025-12-31T23:00:00Z,0
76011164 760-11164 Ringkøbing,2025-12-31T23:00:00Z,9802
76011171 760-11171 Barde,2025-12-31T23:00:00Z,0
76011172 760-11172 Videbæk,2025-12-31T23:00:00Z,4299
76011173 760-11173 Vorgod,2025-12-31T23:00:00Z,0
76011174 760-11174 Astrup,2025-12-31T23:00:00Z,288
76011178 760-11178 Herborg,2025-12-31T23:00:00Z,266
76011180 760-11180 Rækker Mølle,2025-12-31T23:00:00Z,321
76011217 760-11217 Velling,2025-12-31T23:00:00Z,242
76011219 760-11219 Hoven,2025-12-31T23:00:00Z,201
76011220 760-11220 Borris,2025-12-31T23:00:00Z,869
76011227 760-11227 Troldhede,2025-12-31T23:00:00Z,640
76011243 760-11243 Hee,2025-12-31T23:00:00Z,483
76011244 760-11244 Tim,2025-12-31T23:00:00Z,874
76011245 760-11245 Kloster,2025-12-31T23:00:00Z,626
76011246 760-11246 No,2025-12-31T23:00:00Z,242
76011249 760-11249 Ådum,2025-12-31T23:00:00Z,227
76011273 760-11273 Stauning,2025-12-31T23:00:00Z,324
76017175 760-17175 Ølstrup,2025-12-31T23:00:00Z,304
76017460 760-17460 Sønder Vium,2025-12-31T23:00:00Z,0
76017551 760-17551 Vedersø,2025-12-31T23:00:00Z,201
76018739 760-18739 Vorgod-Barde,2025-12-31T23:00:00Z,1003
76099997 760-99997 Uden fast bopæl,2025-12-31T23:00:00Z,47
76099999 760-99999 Landdistrikter,2025-12-31T23:00:00Z,14936
76600766 766-00766 Hedensted Kommune,2025-12-31T23:00:00Z,48578
76610010 766-10010 Lindved,2025-12-31T23:00:00Z,1466
76610032 766-10032 Øster Snede,2025-12-31T23:00:00Z,1214
76610088 766-10088 Hedensted,2025-12-31T23:00:00Z,13562
76610089 766-10089 Daugård,2025-12-31T23:00:00Z,1098
76610090 766-10090 Barrit,2025-12-31T23:00:00Z,752
76610109 766-10109 Glud,2025-12-31T23:00:00Z,667
76610165 766-10165 Snaptun,2025-12-31T23:00:00Z,473
76610297 766-10297 Overby,2025-12-31T23:00:00Z,0
76610353 766-10353 Juelsminde,2025-12-31T23:00:00Z,3998
76610401 766-10401 Tørring,2025-12-31T23:00:00Z,2917
76610696 766-10696 Hornsyld,2025-12-31T23:00:00Z,1649
76610816 766-10816 Stenderup,2025-12-31T23:00:00Z,401
76610817 766-10817 Bjerre,2025-12-31T23:00:00Z,472
76610843 766-10843 Stouby,2025-12-31T23:00:00Z,872
76610954 766-10954 Ølsted,2025-12-31T23:00:00Z,893
76610956 766-10956 Kragelund,2025-12-31T23:00:00Z,0
76611154 766-11154 Rårup,2025-12-31T23:00:00Z,447
76612902 766-12902 Bråskov,2025-12-31T23:00:00Z,201
76612966 766-12966 Hosby,2025-12-31T23:00:00Z,0
76618282 766-18282 Rask Mølle,2025-12-31T23:00:00Z,1158
76618283 766-18283 Uldum,2025-12-31T23:00:00Z,1414
76618284 766-18284 Ølholm,2025-12-31T23:00:00Z,946
76618285 766-18285 Hornborg,2025-12-31T23:00:00Z,223
76618290 766-18290 Åle,2025-12-31T23:00:00Z,623
76618308 766-18308 Korning,2025-12-31T23:00:00Z,437
76699997 766-99997 Uden fast bopæl,2025-12-31T23:00:00Z,42
76699999 766-99999 Landdistrikter,2025-12-31T23:00:00Z,12653
77300773 773-00773 Morsø Kommune,2025-12-31T23:00:00Z,19344
77311039 773-11039 Erslev,2025-12-31T23:00:00Z,358
77311043 773-11043 Øster Jølby,2025-12-31T23:00:00Z,680
77311083 773-11083 Karby,2025-12-31T23:00:00Z,209
77311084 773-11084 Frøslev,2025-12-31T23:00:00Z,252
77311085 773-11085 Vils,2025-12-31T23:00:00Z,450
77311086 773-11086 Redsted,2025-12-31T23:00:00Z,200
77311122 773-11122 Øster Assels,2025-12-31T23:00:00Z,0
77311181 773-11181 Sejerslev,2025-12-31T23:00:00Z,313
77311183 773-11183 Flade,2025-12-31T23:00:00Z,0
77311186 773-11186 Tødsø,2025-12-31T23:00:00Z,249
77311188 773-11188 Sundby,2025-12-31T23:00:00Z,423
77311190 773-11190 Bjergby,2025-12-31T23:00:00Z,0
77311237 773-11237 Nykøbing M,2025-12-31T23:00:00Z,8866
77311255 773-11255 Vodstrup,2025-12-31T23:00:00Z,223
77317056 773-17056 Lødderup,2025-12-31T23:00:00Z,222
77399997 773-99997 Uden fast bopæl,2025-12-31T23:00:00Z,11
77399999 773-99999 Landdistrikter,2025-12-31T23:00:00Z,6888
77900779 779-00779 Skive Kommune,2025-12-31T23:00:00Z,44104
77910754 779-10754 Jebjerg,2025-12-31T23:00:00Z,1056
77910790 779-10790 Højslev,2025-12-31T23:00:00Z,206
77910791 779-10791 Skive,2025-12-31T23:00:00Z,20092
77910840 779-10840 Nederby,2025-12-31T23:00:00Z,532
77910841 779-10841 Selde,2025-12-31T23:00:00Z,231
77910877 779-10877 Breum,2025-12-31T23:00:00Z,819
77910899 779-10899 Hald,2025-12-31T23:00:00Z,393
77910900 779-10900 Højslev Stationsby,2025-12-31T23:00:00Z,2791
77910937 779-10937 Balling,2025-12-31T23:00:00Z,1166
77911114 779-11114 Roslev,2025-12-31T23:00:00Z,1285
77911120 779-11120 Rødding,2025-12-31T23:00:00Z,885
77911121 779-11121 Oddense,2025-12-31T23:00:00Z,566
77911177 779-11177 Lihme,2025-12-31T23:00:00Z,255
77911230 779-11230 Lem,2025-12-31T23:00:00Z,443
77911231 779-11231 Ramsing,2025-12-31T23:00:00Z,330
77911232 779-11232 Hem,2025-12-31T23:00:00Z,590
77911234 779-11234 Rønbjerg,2025-12-31T23:00:00Z,302
77911236 779-11236 Durup,2025-12-31T23:00:00Z,884
77911256 779-11256 Glyngøre,2025-12-31T23:00:00Z,1344
77911267 779-11267 Hvidbjerg,2025-12-31T23:00:00Z,330
77999997 779-99997 Uden fast bopæl,2025-12-31T23:00:00Z,52
77999999 779-99999 Landdistrikter,2025-12-31T23:00:00Z,9552
78700787 787-00787 Thisted Kommune,2025-12-31T23:00:00Z,42572
78710906 787-10906 Vesløs,2025-12-31T23:00:00Z,286
78710907 787-10907 Østerild,2025-12-31T23:00:00Z,529
78710908 787-10908 Ræhr,2025-12-31T23:00:00Z,454
78710925 787-10925 Frøstrup,2025-12-31T23:00:00Z,574
78711008 787-11008 Hørdum,2025-12-31T23:00:00Z,212
78711009 787-11009 Hanstholm,2025-12-31T23:00:00Z,2058
78711036 787-11036 Hundborg,2025-12-31T23:00:00Z,406
78711037 787-11037 Snedsted,2025-12-31T23:00:00Z,1132
78711038 787-11038 Koldby,2025-12-31T23:00:00Z,699
78711040 787-11040 Vestervig,2025-12-31T23:00:00Z,555
78711041 787-11041 Hurup,2025-12-31T23:00:00Z,2619
78711042 787-11042 Bedsted,2025-12-31T23:00:00Z,702
78711053 787-11053 Agger,2025-12-31T23:00:00Z,341
78711059 787-11059 Klitmøller,2025-12-31T23:00:00Z,1298
78711088 787-11088 Ydby,2025-12-31T23:00:00Z,237
78711112 787-11112 Nors,2025-12-31T23:00:00Z,1106
78711113 787-11113 Hillerslev,2025-12-31T23:00:00Z,361
78711182 787-11182 Sennels,2025-12-31T23:00:00Z,972
78711187 787-11187 Sundby,2025-12-31T23:00:00Z,318
78711189 787-11189 Vilsund Vest,2025-12-31T23:00:00Z,379
78711191 787-11191 Nørre Vorupør,2025-12-31T23:00:00Z,592
78711247 787-11247 Sjørring,2025-12-31T23:00:00Z,715
78711248 787-11248 Thisted,2025-12-31T23:00:00Z,13535
78717514 787-17514 Øsløs,2025-12-31T23:00:00Z,0
78799997 787-99997 Uden fast bopæl,2025-12-31T23:00:00Z,37
78799999 787-99999 Landdistrikter,2025-12-31T23:00:00Z,12455
79100791 791-00791 Viborg Kommune,2025-12-31T23:00:00Z,97874
79110715 791-10715 Karup,2025-12-31T23:00:00Z,2182
79110716 791-10716 Skelhøje,2025-12-31T23:00:00Z,475
79110717 791-10717 Hald Ege,2025-12-31T23:00:00Z,0
79110718 791-10718 Rindsholm,2025-12-31T23:00:00Z,253
79110721 791-10721 Ulbjerg,2025-12-31T23:00:00Z,448
79110726 791-10726 Frederiks,2025-12-31T23:00:00Z,1775
79110768 791-10768 Kølvrå,2025-12-31T23:00:00Z,701
79110771 791-10771 Bjerringbro,2025-12-31T23:00:00Z,7407
79110788 791-10788 Mønsted,2025-12-31T23:00:00Z,731
79110792 791-10792 Tapdrup,2025-12-31T23:00:00Z,588
79110793 791-10793 Vejrumbro,2025-12-31T23:00:00Z,418
79110799 791-10799 Ørum,2025-12-31T23:00:00Z,1511
79110800 791-10800 Bjerregrav,2025-12-31T23:00:00Z,431
79110801 791-10801 Møldrup,2025-12-31T23:00:00Z,1309
79110803 791-10803 Klejtrup,2025-12-31T23:00:00Z,862
79110804 791-10804 Løvel,2025-12-31T23:00:00Z,827
79110805 791-10805 Vammen,2025-12-31T23:00:00Z,567
79110809 791-10809 Sahl,2025-12-31T23:00:00Z,309
79110835 791-10835 Rødding,2025-12-31T23:00:00Z,974
79110836 791-10836 Mammen,2025-12-31T23:00:00Z,279
79110868 791-10868 Grønhøj,2025-12-31T23:00:00Z,0
79110878 791-10878 Rødkærsbro,2025-12-31T23:00:00Z,1760
79110879 791-10879 Tange,2025-12-31T23:00:00Z,306
79110901 791-10901 Fly,2025-12-31T23:00:00Z,265
79110902 791-10902 Stoholm,2025-12-31T23:00:00Z,2544
79110903 791-10903 Kjeldbjerg,2025-12-31T23:00:00Z,268
79110904 791-10904 Sjørup,2025-12-31T23:00:00Z,262
79110905 791-10905 Vridsted,2025-12-31T23:00:00Z,592
79110918 791-10918 Bruunshåb,2025-12-31T23:00:00Z,0
79110920 791-10920 Hammershøj,2025-12-31T23:00:00Z,904
79110921 791-10921 Kvorning,2025-12-31T23:00:00Z,0
79110963 791-10963 Sparkær,2025-12-31T23:00:00Z,624
79110964 791-10964 Skals,2025-12-31T23:00:00Z,1748
79110965 791-10965 Løgstrup,2025-12-31T23:00:00Z,1881
79110966 791-10966 Ravnstrup,2025-12-31T23:00:00Z,418
79110970 791-10970 Birgittelyst,2025-12-31T23:00:00Z,618
79110978 791-10978 Hvam Stationsby,2025-12-31T23:00:00Z,262
79110986 791-10986 Viborg,2025-12-31T23:00:00Z,44021
79113038 791-13038 Finderup,2025-12-31T23:00:00Z,0
79113770 791-13770 Låstrup,2025-12-31T23:00:00Z,0
79113779 791-13779 Hjarbæk,2025-12-31T23:00:00Z,0
79114725 791-14725 Vinkel,2025-12-31T23:00:00Z,0
79114726 791-14726 Hjorthede,2025-12-31T23:00:00Z,0
79118307 791-18307 Sønder Rind,2025-12-31T23:00:00Z,298
79118413 791-18413 Knudby,2025-12-31T23:00:00Z,200
79199997 791-99997 Uden fast bopæl,2025-12-31T23:00:00Z,161
79199999 791-99999 Landdistrikter,2025-12-31T23:00:00Z,18695
81000810 810-00810 Brønderslev Kommune,2025-12-31T23:00:00Z,36529
81010583 810-10583 Brønderslev,2025-12-31T23:00:00Z,12825
81010584 810-10584 Øster Brønderslev,2025-12-31T23:00:00Z,967
81010597 810-10597 Hallund,2025-12-31T23:00:00Z,281
81010598 810-10598 Jerslev,2025-12-31T23:00:00Z,879
81010619 810-10619 Asaa,2025-12-31T23:00:00Z,1059
81010622 810-10622 Hjallerup,2025-12-31T23:00:00Z,4498
81010623 810-10623 Klokkerholm,2025-12-31T23:00:00Z,893
81010665 810-10665 Agersted,2025-12-31T23:00:00Z,528
81010712 810-10712 Tise,2025-12-31T23:00:00Z,260
81010931 810-10931 Stenum,2025-12-31T23:00:00Z,221
81018334 810-18334 Dronninglund,2025-12-31T23:00:00Z,3769
81018350 810-18350 Serritslev,2025-12-31T23:00:00Z,474
81018381 810-18381 Flauenskjold,2025-12-31T23:00:00Z,650
81099997 810-99997 Uden fast bopæl,2025-12-31T23:00:00Z,50
81099999 810-99999 Landdistrikter,2025-12-31T23:00:00Z,9175
81300813 813-00813 Frederikshavn Kommune,2025-12-31T23:00:00Z,57523
81310579 813-10579 Præstbro,2025-12-31T23:00:00Z,212
81310616 813-10616 Haldbjerg,2025-12-31T23:00:00Z,223
81310618 813-10618 Voerså,2025-12-31T23:00:00Z,473
81310983 813-10983 Skagen,2025-12-31T23:00:00Z,7250
81310984 813-10984 Jerup,2025-12-31T23:00:00Z,514
81310985 813-10985 Elling,2025-12-31T23:00:00Z,1081
81311090 813-11090 Frederikshavn,2025-12-31T23:00:00Z,22496
81311274 813-11274 Østervrå,2025-12-31T23:00:00Z,1281
81318297 813-18297 Ravnshøj,2025-12-31T23:00:00Z,530
81318309 813-18309 Kvissel,2025-12-31T23:00:00Z,347
81318312 813-18312 Thorshøj,2025-12-31T23:00:00Z,264
81318316 813-18316 Ålbæk,2025-12-31T23:00:00Z,1379
81318324 813-18324 Sæby,2025-12-31T23:00:00Z,9012
81318325 813-18325 Hørby,2025-12-31T23:00:00Z,368
81318326 813-18326 Syvsten,2025-12-31T23:00:00Z,250
81318327 813-18327 Lyngså,2025-12-31T23:00:00Z,206
81318342 813-18342 Strandby,2025-12-31T23:00:00Z,2266
81318351 813-18351 Kilden,2025-12-31T23:00:00Z,880
81318379 813-18379 Gærum,2025-12-31T23:00:00Z,605
81318380 813-18380 Dybvad,2025-12-31T23:00:00Z,596
81399997 813-99997 Uden fast bopæl,2025-12-31T23:00:00Z,31
81399999 813-99999 Landdistrikter,2025-12-31T23:00:00Z,7259
82000820 820-00820 Vesthimmerlands Kommune,2025-12-31T23:00:00Z,35632
82010719 820-10719 Gedsted,2025-12-31T23:00:00Z,863
82010720 820-10720 Fjelsø,2025-12-31T23:00:00Z,206
82010732 820-10732 Aggersund,2025-12-31T23:00:00Z,242
82010733 820-10733 Løgstør,2025-12-31T23:00:00Z,3929
82010739 820-10739 Vegger,2025-12-31T23:00:00Z,302
82010769 820-10769 Østrup,2025-12-31T23:00:00Z,267
82010842 820-10842 Strandby,2025-12-31T23:00:00Z,245
82010873 820-10873 Vindblæs,2025-12-31T23:00:00Z,209
82010874 820-10874 Ranum,2025-12-31T23:00:00Z,929
82010875 820-10875 Vilsted,2025-12-31T23:00:00Z,0
82010876 820-10876 Overlade,2025-12-31T23:00:00Z,399
82010887 820-10887 Hvalpsund,2025-12-31T23:00:00Z,638
82010892 820-10892 Farsø,2025-12-31T23:00:00Z,3324
82010893 820-10893 Havbro,2025-12-31T23:00:00Z,354
82010894 820-10894 Vognsild,2025-12-31T23:00:00Z,218
82010895 820-10895 Ullits,2025-12-31T23:00:00Z,273
82010933 820-10933 Hornum,2025-12-31T23:00:00Z,935
82010934 820-10934 Vester Hornum,2025-12-31T23:00:00Z,469
82010975 820-10975 Simested,2025-12-31T23:00:00Z,230
82010976 820-10976 Aalestrup,2025-12-31T23:00:00Z,2755
82010980 820-10980 Aars,2025-12-31T23:00:00Z,8738
82011259 820-11259 Fandrup,2025-12-31T23:00:00Z,0
82099997 820-99997 Uden fast bopæl,2025-12-31T23:00:00Z,7
82099999 820-99999 Landdistrikter,2025-12-31T23:00:00Z,10100
82500825 825-00825 Læsø Kommune,2025-12-31T23:00:00Z,1683
82510384 825-10384 Vesterø Havn,2025-12-31T23:00:00Z,330
82510504 825-10504 Østerby Havn,2025-12-31T23:00:00Z,242
82510505 825-10505 Byrum,2025-12-31T23:00:00Z,425
82599997 825-99997 Uden fast bopæl,2025-12-31T23:00:00Z,0
82599999 825-99999 Landdistrikter,2025-12-31T23:00:00Z,686
84000840 840-00840 Rebild Kommune,2025-12-31T23:00:00Z,31280
84010585 840-10585 Blenstrup,2025-12-31T23:00:00Z,460
84010664 840-10664 Bælum,2025-12-31T23:00:00Z,702
84010734 840-10734 Haverslev,2025-12-31T23:00:00Z,822
84010782 840-10782 Ravnkilde,2025-12-31T23:00:00Z,312
84010783 840-10783 Rørbæk,2025-12-31T23:00:00Z,387
84010798 840-10798 Sørup,2025-12-31T23:00:00Z,374
84010807 840-10807 Støvring,2025-12-31T23:00:00Z,9808
84010827 840-10827 Suldrup,2025-12-31T23:00:00Z,1362
84010830 840-10830 Rebild,2025-12-31T23:00:00Z,611
84010831 840-10831 Skørping,2025-12-31T23:00:00Z,3087
84010865 840-10865 Øster Hornum,2025-12-31T23:00:00Z,1070
84010977 840-10977 Nørager,2025-12-31T23:00:00Z,1178
84010981 840-10981 Sønderup,2025-12-31T23:00:00Z,211
84011265 840-11265 Aarestrup,2025-12-31T23:00:00Z,209
84012337 840-12337 Store Brøndum,2025-12-31T23:00:00Z,0
84013954 840-13954 Stenild,2025-12-31T23:00:00Z,0
84017177 840-17177 Guldbæk,2025-12-31T23:00:00Z,0
84018344 840-18344 Terndrup,2025-12-31T23:00:00Z,1669
84018840 840-18840 Guldbæk Syd,2025-12-31T23:00:00Z,204
84099997 840-99997 Uden fast bopæl,2025-12-31T23:00:00Z,19
84099999 840-99999 Landdistrikter,2025-12-31T23:00:00Z,8795
84600846 846-00846 Mariagerfjord Kommune,2025-12-31T23:00:00Z,41541
84610092 846-10092 Rostrup,2025-12-31T23:00:00Z,269
84610516 846-10516 Hadsund,2025-12-31T23:00:00Z,4902
84610517 846-10517 Hadsund Syd,2025-12-31T23:00:00Z,434
84610518 846-10518 Assens,2025-12-31T23:00:00Z,1404
84610624 846-10624 Veddum,2025-12-31T23:00:00Z,323
84610625 846-10625 Øster Hurup,2025-12-31T23:00:00Z,631
84610626 846-10626 Als,2025-12-31T23:00:00Z,894
84610679 846-10679 Visborg,2025-12-31T23:00:00Z,413
84610722 846-10722 Hobro,2025-12-31T23:00:00Z,12440
84610735 846-10735 Vebbestrup,2025-12-31T23:00:00Z,367
84610736 846-10736 Arden,2025-12-31T23:00:00Z,2595
84610781 846-10781 Rold,2025-12-31T23:00:00Z,225
84610784 846-10784 Øster Doense,2025-12-31T23:00:00Z,222
84610785 846-10785 Døstrup,2025-12-31T23:00:00Z,310
84610802 846-10802 Hvornum,2025-12-31T23:00:00Z,299
84610974 846-10974 Valsgård,2025-12-31T23:00:00Z,1143
84610979 846-10979 Hvilsom,2025-12-31T23:00:00Z,248
84611275 846-11275 Oue,2025-12-31T23:00:00Z,311
84612967 846-12967 Hørby,2025-12-31T23:00:00Z,231
84614070 846-14070 Skelund,2025-12-31T23:00:00Z,403
84618294 846-18294 Sønder Onsild,2025-12-31T23:00:00Z,459
84618295 846-18295 Sønder Onsild Stationsby,2025-12-31T23:00:00Z,260
84618296 846-18296 Handest,2025-12-31T23:00:00Z,218
84618404 846-18404 Mariager,2025-12-31T23:00:00Z,2651
84618407 846-18407 Norup,2025-12-31T23:00:00Z,228
84618408 846-18408 Astrup,2025-12-31T23:00:00Z,489
84699997 846-99997 Uden fast bopæl,2025-12-31T23:00:00Z,31
84699999 846-99999 Landdistrikter,2025-12-31T23:00:00Z,9141
84900849 849-00849 Jammerbugt Kommune,2025-12-31T23:00:00Z,37998
84910713 849-10713 Blokhus,2025-12-31T23:00:00Z,495
84910714 849-10714 Hune,2025-12-31T23:00:00Z,725
84910763 849-10763 Biersted,2025-12-31T23:00:00Z,1618
84910764 849-10764 Nørhalne,2025-12-31T23:00:00Z,1539
84910822 849-10822 Kås,2025-12-31T23:00:00Z,2292
84910823 849-10823 Pandrup,2025-12-31T23:00:00Z,2849
84910826 849-10826 Fjerritslev,2025-12-31T23:00:00Z,3300
84910833 849-10833 Ingstrup,2025-12-31T23:00:00Z,338
84910847 849-10847 Gjøl,2025-12-31T23:00:00Z,910
84910848 849-10848 Halvrimmen,2025-12-31T23:00:00Z,641
84910859 849-10859 Birkelse,2025-12-31T23:00:00Z,611
84910867 849-10867 Bonderup,2025-12-31T23:00:00Z,0
84910869 849-10869 Tranum,2025-12-31T23:00:00Z,438
84910870 849-10870 Aabybro,2025-12-31T23:00:00Z,6773
84910926 849-10926 Vester Torup,2025-12-31T23:00:00Z,235
84910927 849-10927 Klim,2025-12-31T23:00:00Z,415
84910928 849-10928 Arentsminde,2025-12-31T23:00:00Z,397
84910929 849-10929 Skovsgård,2025-12-31T23:00:00Z,757
84910930 849-10930 Østerby,2025-12-31T23:00:00Z,320
84910932 849-10932 Saltum,2025-12-31T23:00:00Z,694
84910962 849-10962 Moseby,2025-12-31T23:00:00Z,0
84911257 849-11257 Gøttrup,2025-12-31T23:00:00Z,0
84911269 849-11269 Brovst,2025-12-31T23:00:00Z,2665
84912055 849-12055 Vester Hjermitslev,2025-12-31T23:00:00Z,341
84913760 849-13760 Ny Skovsgård,2025-12-31T23:00:00Z,234
84999997 849-99997 Uden fast bopæl,2025-12-31T23:00:00Z,31
84999999 849-99999 Landdistrikter,2025-12-31T23:00:00Z,9380
85100851 851-00851 Aalborg Kommune,2025-12-31T23:00:00Z,226033
85110085 851-10085 Nørre Kongerslev,2025-12-31T23:00:00Z,258
85110093 851-10093 Fjellerad,2025-12-31T23:00:00Z,416
85110094 851-10094 Mou,2025-12-31T23:00:00Z,1024
85110095 851-10095 Egense,2025-12-31T23:00:00Z,0
85110096 851-10096 Hals,2025-12-31T23:00:00Z,2382
85110575 851-10575 Sulsted,2025-12-31T23:00:00Z,1461
85110577 851-10577 Storvorde,2025-12-31T23:00:00Z,3491
85110578 851-10578 Vaarst,2025-12-31T23:00:00Z,339
85110582 851-10582 Vodskov,2025-12-31T23:00:00Z,4822
85110594 851-10594 Vester Hassing,2025-12-31T23:00:00Z,2608
85110595 851-10595 Stae,2025-12-31T23:00:00Z,381
85110599 851-10599 Kongerslev,2025-12-31T23:00:00Z,1294
85110600 851-10600 Gistrup,2025-12-31T23:00:00Z,3679
85110601 851-10601 Klarup,2025-12-31T23:00:00Z,5745
85110602 851-10602 Nøvling,2025-12-31T23:00:00Z,376
85110603 851-10603 Gudumholm,2025-12-31T23:00:00Z,733
85110620 851-10620 Vestbjerg,2025-12-31T23:00:00Z,3091
85110621 851-10621 Uggerhalne,2025-12-31T23:00:00Z,278
85110666 851-10666 Hou,2025-12-31T23:00:00Z,594
85110740 851-10740 Farstrup,2025-12-31T23:00:00Z,441
85110741 851-10741 Sebbersund,2025-12-31T23:00:00Z,342
85110742 851-10742 Valsted,2025-12-31T23:00:00Z,237
85110752 851-10752 Kølby,2025-12-31T23:00:00Z,0
85110761 851-10761 Nibe,2025-12-31T23:00:00Z,5703
85110765 851-10765 Vadum,2025-12-31T23:00:00Z,2552
85110860 851-10860 Sønderholm,2025-12-31T23:00:00Z,894
85110861 851-10861 Dall Villaby,2025-12-31T23:00:00Z,1132
85110862 851-10862 Frejlev,2025-12-31T23:00:00Z,3236
85110863 851-10863 Godthåb,2025-12-31T23:00:00Z,0
85110864 851-10864 Svenstrup,2025-12-31T23:00:00Z,8002
85110866 851-10866 Ferslev,2025-12-31T23:00:00Z,661
85110917 851-10917 Ellidshøj,2025-12-31T23:00:00Z,487
85110924 851-10924 Bislev,2025-12-31T23:00:00Z,0
85110938 851-10938 Aalborg,2025-12-31T23:00:00Z,122550
85111270 851-11270 Langholt,2025-12-31T23:00:00Z,1048
85113594 851-13594 Nørholm,2025-12-31T23:00:00Z,258
85118292 851-18292 Tylstrup,2025-12-31T23:00:00Z,1230
85118311 851-18311 Grindsted,2025-12-31T23:00:00Z,680
85118335 851-18335 Gandrup,2025-12-31T23:00:00Z,1543
85118336 851-18336 Ulsted,2025-12-31T23:00:00Z,969
85118442 851-18442 Nørresundby,2025-12-31T23:00:00Z,24831
85170040 851-70040 Skellet,2025-12-31T23:00:00Z,242
85170378 851-70378 Koldkær,2025-12-31T23:00:00Z,0
85170552 851-70552 Klitgård,2025-12-31T23:00:00Z,238
85199997 851-99997 Uden fast bopæl,2025-12-31T23:00:00Z,440
85199999 851-99999 Landdistrikter,2025-12-31T23:00:00Z,15345
86000860 860-00860 Hjørring Kommune,2025-12-31T23:00:00Z,62979
86010515 860-10515 Uggerby,2025-12-31T23:00:00Z,0
86010526 860-10526 Vidstrup,2025-12-31T23:00:00Z,0
86010529 860-10529 Tornby,2025-12-31T23:00:00Z,1001
86010530 860-10530 Lønstrup,2025-12-31T23:00:00Z,544
86010531 860-10531 Bjergby,2025-12-31T23:00:00Z,883
86010550 860-10550 Astrup,2025-12-31T23:00:00Z,529
86010555 860-10555 Sindal,2025-12-31T23:00:00Z,3032
86010772 860-10772 Løkken,2025-12-31T23:00:00Z,1674
86010773 860-10773 Sønder Rubjerg,2025-12-31T23:00:00Z,0
86010832 860-10832 Vrensted,2025-12-31T23:00:00Z,275
86010950 860-10950 Poulstrup,2025-12-31T23:00:00Z,429
86010961 860-10961 Vrå,2025-12-31T23:00:00Z,2662
86011091 860-11091 Hjørring,2025-12-31T23:00:00Z,25794
86011268 860-11268 Harken,2025-12-31T23:00:00Z,376
86013289 860-13289 Hundelev,2025-12-31T23:00:00Z,228
86017168 860-17168 Børglum,2025-12-31T23:00:00Z,0
86018298 860-18298 Mosbjerg,2025-12-31T23:00:00Z,222
86018300 860-18300 Bindslev,2025-12-31T23:00:00Z,963
86018301 860-18301 Tversted,2025-12-31T23:00:00Z,526
86018302 860-18302 Åbyen,2025-12-31T23:00:00Z,469
86018306 860-18306 Tolne,2025-12-31T23:00:00Z,0
86018315 860-18315 Lendum,2025-12-31T23:00:00Z,496
86018317 860-18317 Hirtshals,2025-12-31T23:00:00Z,5265
86018318 860-18318 Horne,2025-12-31T23:00:00Z,672
86018377 860-18377 Lørslev,2025-12-31T23:00:00Z,274
86018378 860-18378 Tårs,2025-12-31T23:00:00Z,1825
86018403 860-18403 Rakkeby,2025-12-31T23:00:00Z,221
86099997 860-99997 Uden fast bopæl,2025-12-31T23:00:00Z,18
86099999 860-99999 Landdistrikter,2025-12-31T23:00:00Z,14601
